day,high_temp,low_temp,humidity,wind_speed,precip,rat_sightings
2018-01-01,19.0,8.0,67.0,22.0,0.0,15
2018-01-02,26.0,14.0,59.0,21.0,0.0,36
2018-01-03,30.0,18.0,53.0,16.0,0.0,36
2018-01-04,29.0,20.0,92.0,37.0,0.02,14
2018-01-05,19.0,11.0,56.0,31.0,6.54,18
2018-01-06,14.0,8.0,55.0,32.0,0.0,12
2018-01-07,18.0,6.0,64.0,21.0,0.0,18
2018-01-08,33.0,18.0,69.0,18.0,0.0,50
2018-01-09,43.0,31.0,73.0,21.0,1.29,26
2018-01-10,40.0,28.0,77.0,10.0,0.0,26
2018-01-11,47.0,35.0,96.0,8.0,0.0,45
2018-01-12,60.0,38.0,100.0,20.0,0.01,37
2018-01-13,52.0,20.0,100.0,28.0,0.79,23
2018-01-14,23.0,16.0,59.0,22.0,0.0,27
2018-01-15,29.0,17.0,75.0,18.0,0.0,24
2018-01-16,34.0,25.0,87.0,10.0,0.0,37
2018-01-17,36.0,23.0,96.0,17.0,0.05,25
2018-01-18,33.0,21.0,63.0,20.0,0.12,28
2018-01-19,39.0,26.0,58.0,15.0,0.0,28
2018-01-20,54.0,38.0,52.0,21.0,0.0,26
2018-01-21,52.0,43.0,66.0,9.0,0.0,27
2018-01-22,43.0,37.0,93.0,16.0,0.0,58
2018-01-23,59.0,36.0,100.0,20.0,0.03,38
2018-01-24,45.0,28.0,55.0,24.0,0.28,42
2018-01-25,35.0,24.0,58.0,21.0,0.0,31
2018-01-26,38.0,28.0,61.0,10.0,0.0,41
2018-01-27,56.0,36.0,79.0,17.0,0.0,33
2018-01-28,54.0,42.0,86.0,16.0,0.19,29
2018-01-29,43.0,35.0,86.0,21.0,0.08,43
2018-01-30,37.0,26.0,89.0,28.0,0.06,35
2018-01-31,33.0,19.0,59.0,21.0,0.0,37
2018-02-01,44.0,33.0,86.0,12.0,0.0,44
2018-02-02,39.0,18.0,89.0,32.0,0.23,41
2018-02-03,31.0,17.0,50.0,18.0,0.0,16
2018-02-04,47.0,31.0,97.0,15.0,0.0,21
2018-02-05,41.0,28.0,93.0,30.0,1.01,45
2018-02-06,38.0,28.0,59.0,10.0,0.0,40
2018-02-07,46.0,30.0,96.0,28.0,0.0,28
2018-02-08,34.0,27.0,63.0,22.0,0.85,35
2018-02-09,39.0,28.0,76.0,16.0,0.0,36
2018-02-10,51.0,39.0,97.0,10.0,0.0,13
2018-02-11,58.0,42.0,100.0,15.0,0.82,22
2018-02-12,62.0,34.0,97.0,22.0,0.99,50
2018-02-13,37.0,27.0,67.0,15.0,0.0,48
2018-02-14,53.0,36.0,77.0,15.0,0.01,36
2018-02-15,60.0,46.0,87.0,14.0,0.13,52
2018-02-16,59.0,37.0,94.0,26.0,0.16,42
2018-02-17,39.0,30.0,96.0,16.0,0.05,30
2018-02-18,45.0,33.0,96.0,20.0,0.62,14
2018-02-19,49.0,34.0,100.0,14.0,0.0,39
2018-02-20,69.0,48.0,100.0,18.0,0.03,67
2018-02-21,78.0,50.0,97.0,16.0,0.0,51
2018-02-22,57.0,37.0,86.0,15.0,0.02,30
2018-02-23,44.0,37.0,96.0,15.0,0.11,41
2018-02-24,53.0,43.0,93.0,15.0,0.07,28
2018-02-25,45.0,40.0,93.0,20.0,0.62,32
2018-02-26,52.0,44.0,89.0,15.0,0.22,47
2018-02-27,57.0,40.0,51.0,15.0,0.0,49
2018-02-28,61.0,43.0,57.0,15.0,0.0,61
2018-03-01,58.0,43.0,89.0,15.0,0.0,45
2018-03-02,44.0,36.0,92.0,37.0,1.47,29
2018-03-03,46.0,38.0,68.0,30.0,0.71,16
2018-03-04,44.0,35.0,62.0,26.0,0.0,26
2018-03-05,41.0,35.0,61.0,23.0,0.0,52
2018-03-06,46.0,35.0,70.0,16.0,0.0,60
2018-03-07,39.0,34.0,100.0,30.0,0.1,37
2018-03-08,41.0,34.0,82.0,16.0,0.8,38
2018-03-09,44.0,32.0,69.0,28.0,0.0,36
2018-03-10,41.0,33.0,59.0,20.0,0.0,30
2018-03-11,46.0,34.0,55.0,18.0,0.0,15
2018-03-12,42.0,33.0,86.0,20.0,0.0,47
2018-03-13,41.0,34.0,92.0,24.0,0.21,42
2018-03-14,42.0,33.0,82.0,24.0,0.05,39
2018-03-15,48.0,34.0,65.0,22.0,0.0,40
2018-03-16,39.0,33.0,61.0,30.0,0.0,42
2018-03-17,48.0,29.0,51.0,22.0,0.0,21
2018-03-18,44.0,30.0,52.0,20.0,0.0,22
2018-03-19,47.0,34.0,67.0,14.0,0.0,41
2018-03-20,39.0,31.0,68.0,20.0,0.0,50
2018-03-21,40.0,32.0,89.0,32.0,0.0,35
2018-03-22,51.0,33.0,92.0,20.0,0.64,27
2018-03-23,50.0,37.0,54.0,17.0,0.0,29
2018-03-24,50.0,37.0,52.0,20.0,0.0,20
2018-03-25,43.0,35.0,70.0,21.0,0.0,22
2018-03-26,49.0,34.0,62.0,18.0,0.0,35
2018-03-27,44.0,35.0,67.0,10.0,0.0,44
2018-03-28,52.0,39.0,87.0,12.0,0.04,27
2018-03-29,52.0,46.0,93.0,12.0,0.0,44
2018-03-30,57.0,43.0,97.0,21.0,0.02,44
2018-03-31,56.0,40.0,53.0,23.0,0.04,32
2018-04-01,58.0,44.0,65.0,16.0,0.0,22
2018-04-02,43.0,32.0,97.0,16.0,0.4,56
2018-04-03,43.0,39.0,96.0,14.0,0.15,54
2018-04-04,56.0,41.0,97.0,30.0,0.28,52
2018-04-05,45.0,35.0,43.0,32.0,0.11,44
2018-04-06,62.0,37.0,82.0,21.0,0.0,35
2018-04-07,49.0,39.0,66.0,20.0,0.09,34
2018-04-08,44.0,33.0,50.0,28.0,0.0,37
2018-04-09,48.0,33.0,60.0,16.0,0.0,60
2018-04-10,50.0,40.0,77.0,14.0,0.0,51
2018-04-11,50.0,39.0,63.0,15.0,0.0,46
2018-04-12,60.0,46.0,64.0,16.0,0.0,59
2018-04-13,82.0,58.0,62.0,15.0,0.0,59
2018-04-14,68.0,46.0,77.0,21.0,0.0,25
2018-04-15,46.0,39.0,87.0,28.0,0.0,27
2018-04-16,61.0,39.0,93.0,29.0,1.24,49
2018-04-17,47.0,42.0,71.0,21.0,1.62,60
2018-04-18,54.0,39.0,55.0,17.0,0.0,54
2018-04-19,48.0,40.0,82.0,25.0,0.07,57
2018-04-20,50.0,38.0,57.0,22.0,0.08,34
2018-04-21,62.0,41.0,55.0,16.0,0.0,22
2018-04-22,64.0,47.0,48.0,17.0,0.0,31
2018-04-23,63.0,45.0,80.0,14.0,0.0,61
2018-04-24,65.0,47.0,83.0,17.0,0.0,56
2018-04-25,61.0,50.0,97.0,20.0,0.42,54
2018-04-26,70.0,54.0,93.0,25.0,0.29,67
2018-04-27,57.0,49.0,94.0,15.0,0.0,43
2018-04-28,65.0,51.0,86.0,18.0,0.05,39
2018-04-29,57.0,48.0,86.0,25.0,0.22,42
2018-04-30,51.0,44.0,73.0,24.0,0.0,67
2018-05-01,81.0,50.0,59.0,20.0,0.0,48
2018-05-02,89.0,66.0,32.0,23.0,0.0,65
2018-05-03,93.0,71.0,81.0,21.0,0.0,66
2018-05-04,81.0,69.0,73.0,22.0,0.01,56
2018-05-05,77.0,61.0,56.0,23.0,0.0,28
2018-05-06,68.0,54.0,86.0,15.0,0.0,57
2018-05-07,75.0,55.0,86.0,15.0,0.0,75
2018-05-08,71.0,54.0,77.0,10.0,0.0,69
2018-05-09,74.0,54.0,83.0,12.0,0.0,63
2018-05-10,65.0,56.0,90.0,15.0,0.0,75
2018-05-11,72.0,61.0,90.0,18.0,0.19,69
2018-05-12,63.0,53.0,94.0,14.0,0.06,33
2018-05-13,55.0,53.0,90.0,12.0,0.14,38
2018-05-14,70.0,52.0,93.0,14.0,0.1,76
2018-05-15,90.0,60.0,93.0,45.0,0.0,75
2018-05-16,65.0,55.0,97.0,14.0,0.44,60
2018-05-17,73.0,55.0,100.0,10.0,0.64,83
2018-05-18,67.0,56.0,93.0,20.0,0.02,67
2018-05-19,56.0,51.0,97.0,16.0,0.2,26
2018-05-20,83.0,55.0,100.0,17.0,0.44,52
2018-05-21,78.0,61.0,75.0,14.0,0.0,96
2018-05-22,69.0,56.0,90.0,15.0,0.0,79
2018-05-23,82.0,57.0,94.0,16.0,0.42,67
2018-05-24,85.0,66.0,63.0,15.0,0.0,57
2018-05-25,88.0,68.0,55.0,18.0,0.0,52
2018-05-26,91.0,75.0,69.0,16.0,0.0,34
2018-05-27,82.0,57.0,93.0,25.0,0.12,37
2018-05-28,69.0,56.0,84.0,14.0,0.41,45
2018-05-29,87.0,62.0,87.0,13.0,0.0,85
2018-05-30,76.0,61.0,97.0,14.0,0.0,77
2018-05-31,69.0,62.0,97.0,13.0,0.0,79
2018-06-01,81.0,64.0,97.0,10.0,0.08,69
2018-06-02,87.0,69.0,90.0,18.0,0.02,41
2018-06-03,72.0,54.0,84.0,17.0,0.02,48
2018-06-04,70.0,52.0,94.0,18.0,0.64,75
2018-06-05,76.0,59.0,87.0,17.0,0.0,82
2018-06-06,70.0,60.0,80.0,13.0,0.0,76
2018-06-07,71.0,61.0,84.0,16.0,0.0,72
2018-06-08,82.0,62.0,80.0,16.0,0.0,66
2018-06-09,80.0,69.0,68.0,14.0,0.0,55
2018-06-10,72.0,64.0,70.0,14.0,0.0,56
2018-06-11,73.0,60.0,78.0,17.0,0.01,76
2018-06-12,74.0,60.0,65.0,20.0,0.0,58
2018-06-13,80.0,65.0,87.0,13.0,0.0,75
2018-06-14,85.0,70.0,78.0,21.0,0.03,71
2018-06-15,76.0,65.0,59.0,18.0,0.0,51
2018-06-16,86.0,68.0,61.0,14.0,0.0,30
2018-06-17,90.0,68.0,70.0,15.0,0.0,55
2018-06-18,92.0,74.0,77.0,24.0,0.0,68
2018-06-19,88.0,77.0,79.0,16.0,0.1,66
2018-06-20,83.0,70.0,79.0,13.0,0.0,73
2018-06-21,86.0,66.0,94.0,13.0,1.09,61
2018-06-22,74.0,65.0,84.0,16.0,0.0,49
2018-06-23,66.0,63.0,87.0,17.0,0.1,49
2018-06-24,87.0,66.0,93.0,17.0,0.0,45
2018-06-25,81.0,69.0,75.0,18.0,0.01,75
2018-06-26,76.0,64.0,70.0,16.0,0.0,82
2018-06-27,75.0,68.0,87.0,20.0,0.0,73
2018-06-28,86.0,71.0,91.0,17.0,0.52,59
2018-06-29,91.0,72.0,78.0,16.0,1.03,77
2018-06-30,95.0,74.0,62.0,12.0,0.0,36
2018-07-01,96.0,79.0,66.0,12.0,0.0,43
2018-07-02,94.0,78.0,79.0,18.0,0.0,50
2018-07-03,91.0,79.0,85.0,14.0,0.0,52
2018-07-04,89.0,78.0,84.0,15.0,0.01,28
2018-07-05,90.0,78.0,82.0,20.0,0.0,88
2018-07-06,83.0,73.0,85.0,20.0,0.05,66
2018-07-07,77.0,64.0,56.0,20.0,0.04,32
2018-07-08,82.0,67.0,63.0,12.0,0.0,40
2018-07-09,89.0,70.0,57.0,17.0,0.0,75
2018-07-10,95.0,74.0,62.0,14.0,0.0,69
2018-07-11,86.0,76.0,64.0,14.0,0.0,43
2018-07-12,85.0,68.0,84.0,16.0,0.59,73
2018-07-13,84.0,71.0,73.0,15.0,0.0,66
2018-07-14,90.0,74.0,60.0,15.0,0.0,58
2018-07-15,86.0,72.0,87.0,22.0,0.99,40
2018-07-16,92.0,78.0,74.0,20.0,0.04,78
2018-07-17,88.0,73.0,88.0,17.0,0.0,80
2018-07-18,85.0,71.0,81.0,17.0,1.6,78
2018-07-19,83.0,69.0,66.0,13.0,0.0,65
2018-07-20,82.0,70.0,87.0,14.0,0.0,67
2018-07-21,77.0,67.0,90.0,21.0,0.0,50
2018-07-22,82.0,72.0,91.0,28.0,0.67,46
2018-07-23,86.0,76.0,88.0,26.0,0.4,56
2018-07-24,86.0,77.0,88.0,24.0,0.07,74
2018-07-25,80.0,74.0,89.0,21.0,0.6,56
2018-07-26,88.0,75.0,87.0,13.0,0.16,57
2018-07-27,89.0,73.0,82.0,15.0,0.0,53
2018-07-28,89.0,72.0,91.0,13.0,0.06,40
2018-07-29,84.0,73.0,71.0,14.0,0.0,47
2018-07-30,81.0,73.0,79.0,14.0,0.0,75
2018-07-31,82.0,71.0,81.0,12.0,0.0,82
2018-08-01,91.0,75.0,90.0,17.0,0.04,61
2018-08-02,89.0,79.0,79.0,18.0,0.0,74
2018-08-03,87.0,76.0,85.0,21.0,0.21,57
2018-08-04,88.0,73.0,94.0,13.0,0.19,49
2018-08-05,94.0,78.0,71.0,10.0,1.34,44
2018-08-06,95.0,81.0,67.0,14.0,0.0,82
2018-08-07,91.0,76.0,85.0,18.0,0.0,64
2018-08-08,91.0,77.0,84.0,15.0,0.0,64
2018-08-09,89.0,75.0,90.0,26.0,0.57,60
2018-08-10,90.0,76.0,67.0,14.0,0.0,64
2018-08-11,83.0,72.0,94.0,20.0,0.0,28
2018-08-12,83.0,73.0,94.0,14.0,1.47,38
2018-08-13,76.0,72.0,93.0,18.0,0.0,75
2018-08-14,87.0,73.0,93.0,14.0,0.61,90
2018-08-15,90.0,73.0,76.0,15.0,0.58,64
2018-08-16,92.0,79.0,72.0,14.0,0.0,58
2018-08-17,90.0,76.0,85.0,30.0,0.0,55
2018-08-18,89.0,73.0,91.0,20.0,0.65,34
2018-08-19,74.0,70.0,84.0,23.0,0.02,34
2018-08-20,76.0,69.0,81.0,17.0,0.13,89
2018-08-21,80.0,68.0,82.0,14.0,0.0,78
2018-08-22,86.0,73.0,94.0,17.0,0.35,88
2018-08-23,80.0,68.0,71.0,16.0,0.0,73
2018-08-24,84.0,70.0,60.0,16.0,0.0,61
2018-08-25,81.0,73.0,68.0,13.0,0.0,38
2018-08-26,85.0,72.0,71.0,17.0,0.0,41
2018-08-27,91.0,77.0,74.0,12.0,0.0,85
2018-08-28,97.0,81.0,77.0,17.0,0.0,63
2018-08-29,97.0,84.0,69.0,18.0,0.0,64
2018-08-30,90.0,80.0,72.0,15.0,0.0,78
2018-08-31,79.0,73.0,69.0,17.0,0.0,57
2018-09-01,78.0,70.0,76.0,14.0,0.02,28
2018-09-02,82.0,71.0,78.0,14.0,0.0,38
2018-09-03,92.0,77.0,82.0,15.0,0.0,51
2018-09-04,92.0,80.0,69.0,12.0,0.0,71
2018-09-05,90.0,79.0,79.0,15.0,0.0,63
2018-09-06,96.0,77.0,84.0,15.0,0.0,82
2018-09-07,77.0,72.0,89.0,17.0,0.22,59
2018-09-08,72.0,63.0,78.0,16.0,0.0,40
2018-09-09,65.0,59.0,83.0,23.0,0.03,35
2018-09-10,67.0,57.0,94.0,22.0,0.6,52
2018-09-11,75.0,64.0,93.0,15.0,0.61,56
2018-09-12,77.0,72.0,97.0,12.0,0.05,64
2018-09-13,76.0,70.0,93.0,15.0,0.23,79
2018-09-14,75.0,70.0,87.0,16.0,0.0,72
2018-09-15,81.0,69.0,90.0,12.0,0.0,41
2018-09-16,85.0,70.0,87.0,12.0,0.0,52
2018-09-17,79.0,71.0,87.0,15.0,0.0,71
2018-09-18,83.0,72.0,91.0,16.0,0.05,82
2018-09-19,82.0,71.0,85.0,10.0,1.98,78
2018-09-20,73.0,66.0,78.0,13.0,0.0,67
2018-09-21,74.0,69.0,76.0,20.0,0.0,62
2018-09-22,76.0,64.0,76.0,16.0,0.0,35
2018-09-23,67.0,62.0,75.0,14.0,0.0,40
2018-09-24,71.0,60.0,77.0,20.0,0.0,57
2018-09-25,76.0,60.0,91.0,24.0,0.19,57
2018-09-26,83.0,73.0,94.0,18.0,0.95,80
2018-09-27,74.0,63.0,79.0,16.0,0.14,51
2018-09-28,65.0,58.0,94.0,22.0,0.82,58
2018-09-29,75.0,60.0,86.0,13.0,0.02,34
2018-09-30,72.0,58.0,72.0,13.0,0.0,35
2018-10-01,78.0,65.0,84.0,14.0,0.0,72
2018-10-02,78.0,66.0,94.0,17.0,0.0,61
2018-10-03,77.0,67.0,87.0,14.0,0.56,61
2018-10-04,78.0,64.0,84.0,13.0,0.0,65
2018-10-05,73.0,61.0,78.0,17.0,0.04,57
2018-10-06,69.0,64.0,87.0,12.0,0.0,32
2018-10-07,81.0,70.0,87.0,10.0,0.0,39
2018-10-08,73.0,65.0,93.0,14.0,0.0,71
2018-10-09,77.0,67.0,93.0,13.0,0.0,71
2018-10-10,82.0,71.0,87.0,14.0,0.0,89
2018-10-11,80.0,72.0,94.0,17.0,0.0,53
2018-10-12,72.0,54.0,88.0,25.0,1.15,60
2018-10-13,58.0,49.0,74.0,16.0,0.02,29
2018-10-14,60.0,52.0,62.0,10.0,0.03,35
2018-10-15,70.0,55.0,88.0,23.0,0.02,72
2018-10-16,63.0,49.0,75.0,26.0,0.04,78
2018-10-17,63.0,50.0,59.0,23.0,0.0,58
2018-10-18,52.0,44.0,52.0,23.0,0.0,67
2018-10-19,62.0,47.0,56.0,20.0,0.0,60
2018-10-20,65.0,55.0,83.0,20.0,0.07,49
2018-10-21,54.0,43.0,77.0,29.0,0.0,47
2018-10-22,58.0,43.0,63.0,14.0,0.0,63
2018-10-23,76.0,47.0,77.0,20.0,0.0,69
2018-10-24,55.0,47.0,66.0,26.0,0.0,50
2018-10-25,52.0,43.0,63.0,21.0,0.0,48
2018-10-26,50.0,42.0,64.0,15.0,0.0,31
2018-10-27,52.0,45.0,93.0,37.0,0.66,20
2018-10-28,54.0,47.0,93.0,15.0,0.36,36
2018-10-29,57.0,49.0,83.0,18.0,0.07,53
2018-10-30,57.0,45.0,65.0,22.0,0.0,43
2018-10-31,64.0,47.0,72.0,17.0,0.0,49
2018-11-01,70.0,58.0,84.0,10.0,0.0,46
2018-11-02,68.0,63.0,94.0,22.0,0.0,54
2018-11-03,66.0,52.0,94.0,30.0,0.33,30
2018-11-04,56.0,47.0,66.0,14.0,0.0,28
2018-11-05,55.0,49.0,93.0,23.0,0.0,44
2018-11-06,61.0,50.0,96.0,15.0,0.36,45
2018-11-07,64.0,53.0,84.0,17.0,0.82,50
2018-11-08,57.0,46.0,54.0,15.0,0.0,55
2018-11-09,54.0,43.0,89.0,21.0,0.0,45
2018-11-10,50.0,38.0,93.0,30.0,0.74,17
2018-11-11,47.0,36.0,59.0,16.0,0.0,25
2018-11-12,49.0,39.0,80.0,8.0,0.0,51
2018-11-13,54.0,44.0,96.0,22.0,0.72,31
2018-11-14,43.0,33.0,53.0,25.0,0.43,47
2018-11-15,40.0,30.0,100.0,31.0,0.0,26
2018-11-16,46.0,37.0,97.0,30.0,1.23,26
2018-11-17,48.0,40.0,65.0,17.0,0.04,20
2018-11-18,44.0,40.0,70.0,13.0,0.0,29
2018-11-19,51.0,41.0,87.0,10.0,0.0,43
2018-11-20,47.0,41.0,86.0,20.0,0.0,40
2018-11-21,45.0,29.0,79.0,28.0,0.0,26
2018-11-22,29.0,19.0,55.0,24.0,0.0,6
2018-11-23,32.0,17.0,56.0,13.0,0.0,24
2018-11-24,49.0,32.0,97.0,28.0,0.0,21
2018-11-25,54.0,46.0,93.0,26.0,1.53,27
2018-11-26,53.0,44.0,93.0,28.0,0.0,36
2018-11-27,47.0,38.0,90.0,24.0,0.88,48
2018-11-28,42.0,38.0,60.0,26.0,0.0,41
2018-11-29,46.0,40.0,60.0,29.0,0.0,42
2018-11-30,43.0,39.0,79.0,10.0,0.0,27
2018-12-01,45.0,38.0,89.0,10.0,0.01,33
2018-12-02,57.0,43.0,97.0,16.0,0.43,25
2018-12-03,56.0,46.0,93.0,20.0,0.41,49
2018-12-04,43.0,32.0,60.0,23.0,0.0,35
2018-12-05,38.0,29.0,61.0,15.0,0.0,35
2018-12-06,40.0,32.0,64.0,21.0,0.0,35
2018-12-07,40.0,29.0,59.0,21.0,0.0,31
2018-12-08,36.0,26.0,56.0,15.0,0.0,18
2018-12-09,36.0,30.0,57.0,14.0,0.0,24
2018-12-10,40.0,30.0,64.0,15.0,0.0,46
2018-12-11,40.0,30.0,68.0,17.0,0.0,32
2018-12-12,40.0,34.0,64.0,17.0,0.0,48
2018-12-13,42.0,33.0,89.0,17.0,0.0,24
2018-12-14,52.0,39.0,94.0,16.0,0.07,39
2018-12-15,50.0,46.0,100.0,20.0,0.23,29
2018-12-16,45.0,37.0,93.0,29.0,0.32,23
2018-12-17,46.0,38.0,89.0,29.0,0.98,31
2018-12-18,40.0,29.0,56.0,33.0,0.0,26
2018-12-19,42.0,27.0,63.0,15.0,0.0,30
2018-12-20,46.0,37.0,97.0,16.0,0.0,31
2018-12-21,61.0,52.0,100.0,26.0,1.07,29
2018-12-22,52.0,41.0,92.0,30.0,0.86,19
2018-12-23,43.0,37.0,59.0,18.0,0.0,14
2018-12-24,43.0,36.0,93.0,18.0,0.08,25
2018-12-25,40.0,34.0,61.0,17.0,0.01,15
2018-12-26,43.0,33.0,60.0,15.0,0.0,36
2018-12-27,43.0,39.0,68.0,14.0,0.0,36
2018-12-28,58.0,44.0,100.0,18.0,0.18,27
2018-12-29,56.0,40.0,93.0,26.0,0.95,31
2018-12-30,39.0,33.0,75.0,12.0,0.0,23
2018-12-31,47.0,36.0,93.0,15.0,0.0,24
2019-01-01,60.0,41.0,97.0,28.0,1.39,19
2019-01-02,41.0,35.0,62.0,15.0,0.0,45
2019-01-03,45.0,39.0,86.0,21.0,0.0,43
2019-01-04,47.0,37.0,71.0,17.0,0.0,52
2019-01-05,47.0,42.0,96.0,21.0,0.23,23
2019-01-06,49.0,32.0,67.0,28.0,0.22,29
2019-01-07,35.0,26.0,54.0,16.0,0.0,49
2019-01-08,46.0,36.0,96.0,9.0,0.07,49
2019-01-09,46.0,35.0,93.0,29.0,0.21,31
2019-01-10,35.0,30.0,64.0,29.0,0.0,26
2019-01-11,31.0,22.0,58.0,30.0,0.0,24
2019-01-12,34.0,22.0,53.0,15.0,0.0,15
2019-01-13,33.0,25.0,58.0,21.0,0.0,24
2019-01-14,33.0,22.0,72.0,16.0,0.0,32
2019-01-15,35.0,26.0,63.0,12.0,0.0,36
2019-01-16,40.0,31.0,64.0,18.0,0.0,40
2019-01-17,33.0,26.0,52.0,17.0,0.0,49
2019-01-18,40.0,28.0,93.0,13.0,0.03,31
2019-01-19,37.0,33.0,93.0,15.0,0.0,23
2019-01-20,40.0,16.0,96.0,33.0,1.14,15
2019-01-21,15.0,6.0,61.0,37.0,0.2,30
2019-01-22,31.0,14.0,59.0,23.0,0.0,39
2019-01-23,46.0,30.0,86.0,13.0,0.0,36
2019-01-24,57.0,35.0,94.0,26.0,0.08,29
2019-01-25,39.0,29.0,59.0,25.0,1.4,37
2019-01-26,34.0,25.0,54.0,13.0,0.0,26
2019-01-27,49.0,30.0,80.0,23.0,0.0,25
2019-01-28,38.0,25.0,58.0,16.0,0.0,47
2019-01-29,44.0,26.0,87.0,17.0,0.0,37
2019-01-30,35.0,7.0,81.0,32.0,0.27,31
2019-01-31,16.0,4.0,46.0,20.0,0.0,28
2019-02-01,22.0,12.0,44.0,17.0,0.0,29
2019-02-02,35.0,18.0,61.0,16.0,0.0,18
2019-02-03,52.0,32.0,73.0,13.0,0.0,22
2019-02-04,58.0,38.0,82.0,12.0,0.0,40
2019-02-05,64.0,38.0,89.0,14.0,0.0,47
2019-02-06,44.0,35.0,93.0,16.0,0.0,44
2019-02-07,43.0,37.0,97.0,22.0,0.56,38
2019-02-08,54.0,33.0,96.0,30.0,0.33,30
2019-02-09,32.0,24.0,49.0,29.0,0.07,27
2019-02-10,35.0,24.0,55.0,13.0,0.0,31
2019-02-11,37.0,31.0,72.0,13.0,0.0,82
2019-02-12,36.0,26.0,96.0,21.0,0.0,26
2019-02-13,41.0,34.0,100.0,25.0,0.76,37
2019-02-14,45.0,33.0,70.0,21.0,0.0,42
2019-02-15,55.0,41.0,79.0,20.0,0.0,38
2019-02-16,44.0,32.0,55.0,18.0,0.0,22
2019-02-17,36.0,26.0,82.0,16.0,0.0,32
2019-02-18,41.0,27.0,96.0,26.0,0.13,21
2019-02-19,36.0,24.0,57.0,18.0,0.01,48
2019-02-20,32.0,26.0,93.0,15.0,0.0,29
2019-02-21,51.0,32.0,96.0,15.0,0.73,37
2019-02-22,43.0,37.0,55.0,25.0,0.0,42
2019-02-23,38.0,32.0,86.0,10.0,0.0,12
2019-02-24,47.0,35.0,100.0,29.0,0.51,24
2019-02-25,43.0,28.0,43.0,35.0,0.22,32
2019-02-26,36.0,25.0,47.0,23.0,0.0,36
2019-02-27,29.0,23.0,75.0,14.0,0.0,46
2019-02-28,35.0,27.0,89.0,21.0,0.03,24
2019-03-01,34.0,26.0,89.0,15.0,0.09,24
2019-03-02,40.0,30.0,96.0,16.0,0.41,17
2019-03-03,41.0,32.0,96.0,15.0,0.05,23
2019-03-04,38.0,29.0,96.0,22.0,0.84,35
2019-03-05,31.0,21.0,55.0,23.0,0.0,27
2019-03-06,26.0,19.0,60.0,22.0,0.0,23
2019-03-07,32.0,19.0,50.0,20.0,0.0,27
2019-03-08,37.0,24.0,62.0,14.0,0.0,19
2019-03-09,47.0,34.0,67.0,10.0,0.0,23
2019-03-10,45.0,34.0,100.0,23.0,0.3,40
2019-03-11,52.0,42.0,82.0,29.0,0.36,53
2019-03-12,42.0,34.0,52.0,24.0,0.0,51
2019-03-13,45.0,33.0,68.0,15.0,0.0,50
2019-03-14,57.0,41.0,77.0,20.0,0.0,49
2019-03-15,71.0,48.0,86.0,17.0,0.0,30
2019-03-16,59.0,39.0,50.0,25.0,0.27,25
2019-03-17,45.0,34.0,50.0,18.0,0.0,28
2019-03-18,46.0,33.0,55.0,13.0,0.0,41
2019-03-19,48.0,36.0,60.0,14.0,0.0,50
2019-03-20,51.0,38.0,73.0,20.0,0.0,43
2019-03-21,45.0,40.0,93.0,29.0,0.0,43
2019-03-22,48.0,40.0,96.0,31.0,1.16,20
2019-03-23,47.0,35.0,68.0,29.0,0.06,28
2019-03-24,60.0,39.0,33.0,16.0,0.0,35
2019-03-25,57.0,44.0,50.0,16.0,0.0,58
2019-03-26,48.0,33.0,32.0,16.0,0.0,59
2019-03-27,44.0,34.0,55.0,14.0,0.0,37
2019-03-28,50.0,37.0,67.0,16.0,0.0,50
2019-03-29,59.0,47.0,71.0,12.0,0.0,52
2019-03-30,63.0,46.0,83.0,25.0,0.0,33
2019-03-31,59.0,41.0,83.0,23.0,0.0,33
2019-04-01,45.0,34.0,52.0,24.0,0.08,49
2019-04-02,49.0,38.0,86.0,16.0,0.0,52
2019-04-03,67.0,41.0,86.0,29.0,0.0,42
2019-04-04,58.0,44.0,35.0,24.0,0.0,32
2019-04-05,45.0,39.0,93.0,15.0,0.0,26
2019-04-06,66.0,39.0,93.0,16.0,0.23,23
2019-04-07,63.0,47.0,77.0,17.0,0.0,40
2019-04-08,78.0,47.0,93.0,20.0,0.25,67
2019-04-09,50.0,43.0,93.0,13.0,0.0,65
2019-04-10,58.0,45.0,90.0,20.0,0.02,65
2019-04-11,51.0,40.0,48.0,14.0,0.0,50
2019-04-12,66.0,45.0,93.0,22.0,0.0,47
2019-04-13,74.0,58.0,93.0,16.0,0.76,35
2019-04-14,68.0,55.0,100.0,17.0,0.0,55
2019-04-15,62.0,45.0,97.0,31.0,0.6,69
2019-04-16,62.0,44.0,55.0,28.0,0.18,67
2019-04-17,59.0,47.0,71.0,16.0,0.01,48
2019-04-18,63.0,51.0,87.0,17.0,0.0,66
2019-04-19,75.0,55.0,94.0,21.0,0.0,57
2019-04-20,63.0,54.0,97.0,25.0,0.33,34
2019-04-21,63.0,53.0,86.0,16.0,0.35,33
2019-04-22,60.0,50.0,93.0,16.0,0.0,52
2019-04-23,74.0,55.0,84.0,16.0,0.29,64
2019-04-24,67.0,57.0,65.0,22.0,0.11,60
2019-04-25,62.0,49.0,75.0,14.0,0.0,45
2019-04-26,59.0,51.0,93.0,21.0,0.21,55
2019-04-27,57.0,48.0,80.0,26.0,1.01,35
2019-04-28,52.0,47.0,71.0,17.0,0.0,31
2019-04-29,57.0,44.0,68.0,14.0,0.0,80
2019-04-30,55.0,48.0,97.0,16.0,0.07,66
2019-05-01,54.0,48.0,100.0,12.0,0.0,71
2019-05-02,70.0,46.0,100.0,17.0,0.01,56
2019-05-03,52.0,48.0,100.0,13.0,0.0,50
2019-05-04,66.0,50.0,100.0,10.0,0.18,39
2019-05-05,55.0,49.0,100.0,22.0,0.65,40
2019-05-06,66.0,49.0,100.0,24.0,0.69,71
2019-05-07,64.0,52.0,90.0,16.0,0.0,76
2019-05-08,67.0,55.0,93.0,14.0,0.06,64
2019-05-09,59.0,52.0,86.0,17.0,0.0,57
2019-05-10,73.0,56.0,90.0,14.0,0.01,60
2019-05-11,70.0,57.0,80.0,15.0,0.04,64
2019-05-12,59.0,45.0,92.0,25.0,0.42,31
2019-05-13,49.0,42.0,93.0,23.0,0.81,64
2019-05-14,50.0,44.0,93.0,13.0,0.58,67
2019-05-15,67.0,47.0,90.0,16.0,0.21,80
2019-05-16,73.0,56.0,80.0,14.0,0.1,64
2019-05-17,78.0,63.0,84.0,15.0,0.0,72
2019-05-18,74.0,59.0,62.0,16.0,0.03,36
2019-05-19,75.0,60.0,84.0,20.0,0.0,40
2019-05-20,88.0,65.0,84.0,26.0,0.03,80
2019-05-21,71.0,58.0,54.0,24.0,0.0,53
2019-05-22,76.0,58.0,49.0,15.0,0.0,80
2019-05-23,74.0,58.0,84.0,13.0,0.36,86
2019-05-24,73.0,64.0,81.0,25.0,0.12,48
2019-05-25,70.0,57.0,75.0,22.0,0.0,40
2019-05-26,88.0,61.0,79.0,24.0,0.0,31
2019-05-27,80.0,66.0,68.0,15.0,0.25,47
2019-05-28,73.0,62.0,90.0,17.0,0.0,86
2019-05-29,67.0,57.0,93.0,15.0,0.19,72
2019-05-30,67.0,56.0,96.0,12.0,0.83,56
2019-05-31,81.0,62.0,94.0,13.0,0.8,82
2019-06-01,79.0,63.0,81.0,10.0,0.0,54
2019-06-02,83.0,63.0,94.0,28.0,0.0,39
2019-06-03,71.0,60.0,60.0,22.0,0.39,83
2019-06-04,73.0,57.0,51.0,14.0,0.0,73
2019-06-05,81.0,66.0,84.0,16.0,0.0,66
2019-06-06,82.0,71.0,90.0,13.0,0.05,66
2019-06-07,80.0,64.0,87.0,12.0,0.0,78
2019-06-08,80.0,64.0,87.0,15.0,0.0,38
2019-06-09,78.0,61.0,75.0,16.0,0.0,33
2019-06-10,70.0,60.0,100.0,18.0,0.0,61
2019-06-11,76.0,64.0,96.0,22.0,1.15,66
2019-06-12,74.0,62.0,65.0,17.0,0.0,66
2019-06-13,64.0,58.0,90.0,25.0,0.0,62
2019-06-14,75.0,61.0,93.0,22.0,0.65,55
2019-06-15,84.0,63.0,54.0,20.0,0.0,45
2019-06-16,82.0,68.0,78.0,14.0,0.03,43
2019-06-17,75.0,70.0,84.0,13.0,0.0,92
2019-06-18,75.0,66.0,96.0,14.0,0.1,56
2019-06-19,71.0,64.0,100.0,10.0,0.53,70
2019-06-20,78.0,62.0,100.0,14.0,0.09,71
2019-06-21,77.0,65.0,100.0,24.0,1.27,61
2019-06-22,79.0,63.0,63.0,22.0,0.15,56
2019-06-23,86.0,67.0,54.0,16.0,0.0,45
2019-06-24,86.0,70.0,71.0,13.0,0.0,97
2019-06-25,85.0,73.0,93.0,13.0,0.39,71
2019-06-26,90.0,69.0,97.0,12.0,0.03,62
2019-06-27,89.0,73.0,73.0,15.0,0.0,72
2019-06-28,92.0,73.0,59.0,15.0,0.0,76
2019-06-29,93.0,76.0,71.0,16.0,0.0,23
2019-06-30,83.0,72.0,74.0,24.0,0.04,42
2019-07-01,86.0,68.0,65.0,14.0,0.02,69
2019-07-02,88.0,75.0,62.0,13.0,0.0,64
2019-07-03,86.0,76.0,69.0,12.0,0.01,66
2019-07-04,91.0,71.0,84.0,14.0,0.0,41
2019-07-05,85.0,72.0,85.0,16.0,0.0,60
2019-07-06,92.0,77.0,84.0,18.0,0.0,37
2019-07-07,85.0,74.0,76.0,15.0,0.0,49
2019-07-08,81.0,70.0,81.0,10.0,0.0,89
2019-07-09,89.0,72.0,78.0,13.0,0.02,54
2019-07-10,90.0,76.0,71.0,15.0,0.0,76
2019-07-11,86.0,75.0,94.0,18.0,0.0,56
2019-07-12,88.0,74.0,91.0,20.0,0.72,56
2019-07-13,89.0,72.0,71.0,15.0,0.0,36
2019-07-14,91.0,79.0,56.0,20.0,0.0,23
2019-07-15,88.0,72.0,59.0,15.0,0.0,76
2019-07-16,93.0,73.0,62.0,15.0,0.0,50
2019-07-17,94.0,73.0,94.0,25.0,0.0,60
2019-07-18,78.0,72.0,94.0,22.0,2.69,58
2019-07-19,94.0,71.0,90.0,15.0,0.3,44
2019-07-20,98.0,84.0,67.0,17.0,0.0,32
2019-07-21,99.0,85.0,65.0,16.0,0.0,41
2019-07-22,89.0,74.0,93.0,13.0,0.01,66
2019-07-23,76.0,68.0,90.0,14.0,1.76,85
2019-07-24,85.0,70.0,87.0,12.0,0.02,73
2019-07-25,85.0,72.0,76.0,10.0,0.0,87
2019-07-26,86.0,72.0,81.0,12.0,0.0,66
2019-07-27,86.0,75.0,64.0,15.0,0.0,39
2019-07-28,92.0,76.0,71.0,14.0,0.0,46
2019-07-29,93.0,78.0,58.0,17.0,0.0,85
2019-07-30,94.0,81.0,67.0,20.0,0.0,65
2019-07-31,90.0,72.0,87.0,14.0,0.0,75
2019-08-01,87.0,73.0,85.0,12.0,0.58,72
2019-08-02,86.0,74.0,76.0,14.0,0.0,54
2019-08-03,86.0,70.0,84.0,17.0,0.0,46
2019-08-04,87.0,71.0,90.0,10.0,0.12,43
2019-08-05,81.0,71.0,79.0,13.0,0.0,84
2019-08-06,82.0,72.0,87.0,13.0,0.0,81
2019-08-07,84.0,71.0,87.0,22.0,0.0,79
2019-08-08,91.0,71.0,84.0,29.0,0.62,72
2019-08-09,85.0,72.0,71.0,17.0,0.1,67
2019-08-10,82.0,70.0,57.0,21.0,0.0,26
2019-08-11,82.0,68.0,56.0,12.0,0.0,38
2019-08-12,88.0,73.0,58.0,14.0,0.0,70
2019-08-13,80.0,76.0,79.0,13.0,0.01,73
2019-08-14,82.0,72.0,93.0,14.0,0.01,73
2019-08-15,84.0,72.0,84.0,14.0,0.0,68
2019-08-16,81.0,70.0,84.0,10.0,0.0,60
2019-08-17,85.0,73.0,90.0,13.0,0.0,43
2019-08-18,90.0,75.0,94.0,17.0,0.16,40
2019-08-19,92.0,75.0,76.0,21.0,0.43,83
2019-08-20,88.0,76.0,85.0,14.0,0.0,69
2019-08-21,90.0,78.0,84.0,14.0,0.0,83
2019-08-22,92.0,72.0,88.0,38.0,0.35,40
2019-08-23,75.0,67.0,87.0,13.0,1.18,61
2019-08-24,75.0,65.0,68.0,14.0,0.06,40
2019-08-25,76.0,66.0,76.0,25.0,0.0,42
2019-08-26,73.0,61.0,75.0,16.0,0.0,81
2019-08-27,76.0,65.0,75.0,10.0,0.0,66
2019-08-28,76.0,69.0,88.0,15.0,0.0,63
2019-08-29,83.0,69.0,81.0,18.0,0.1,51
2019-08-30,88.0,70.0,59.0,18.0,0.0,55
2019-08-31,81.0,71.0,64.0,12.0,0.0,39
2019-09-01,77.0,66.0,68.0,14.0,0.0,32
2019-09-02,78.0,70.0,87.0,17.0,0.0,36
2019-09-03,81.0,69.0,84.0,14.0,0.51,53
2019-09-04,89.0,70.0,84.0,15.0,0.0,66
2019-09-05,73.0,66.0,68.0,14.0,0.0,69
2019-09-06,69.0,61.0,84.0,30.0,0.0,57
2019-09-07,77.0,58.0,86.0,18.0,0.03,49
2019-09-08,79.0,67.0,71.0,14.0,0.0,49
2019-09-09,75.0,67.0,81.0,15.0,0.0,69
2019-09-10,77.0,68.0,87.0,15.0,0.0,67
2019-09-11,91.0,71.0,78.0,15.0,0.0,73
2019-09-12,83.0,64.0,87.0,20.0,0.0,69
2019-09-13,72.0,60.0,75.0,17.0,0.07,56
2019-09-14,75.0,63.0,76.0,20.0,0.0,33
2019-09-15,84.0,71.0,81.0,14.0,0.0,34
2019-09-16,76.0,71.0,71.0,13.0,0.0,65
2019-09-17,77.0,63.0,60.0,14.0,0.0,67
2019-09-18,68.0,59.0,78.0,16.0,0.0,65
2019-09-19,70.0,54.0,62.0,10.0,0.0,50
2019-09-20,79.0,60.0,62.0,14.0,0.0,47
2019-09-21,85.0,63.0,72.0,9.0,0.0,50
2019-09-22,85.0,69.0,65.0,16.0,0.0,40
2019-09-23,90.0,72.0,76.0,21.0,0.0,75
2019-09-24,76.0,67.0,73.0,20.0,0.03,59
2019-09-25,79.0,62.0,70.0,10.0,0.0,68
2019-09-26,82.0,67.0,73.0,17.0,0.0,67
2019-09-27,77.0,64.0,73.0,15.0,0.0,56
2019-09-28,80.0,67.0,79.0,16.0,0.0,34
2019-09-29,79.0,67.0,79.0,16.0,0.0,30
2019-09-30,69.0,61.0,68.0,16.0,0.0,55
2019-10-01,82.0,64.0,72.0,14.0,0.0,56
2019-10-02,93.0,71.0,77.0,17.0,0.0,47
2019-10-03,68.0,54.0,94.0,23.0,0.32,44
2019-10-04,65.0,52.0,93.0,24.0,0.12,43
2019-10-05,60.0,46.0,66.0,16.0,0.0,38
2019-10-06,70.0,57.0,76.0,18.0,0.0,44
2019-10-07,78.0,61.0,87.0,18.0,0.01,76
2019-10-08,65.0,59.0,90.0,20.0,0.06,50
2019-10-09,61.0,53.0,83.0,24.0,0.0,41
2019-10-10,72.0,53.0,80.0,24.0,0.54,59
2019-10-11,65.0,55.0,60.0,23.0,0.0,49
2019-10-12,68.0,56.0,72.0,17.0,0.0,24
2019-10-13,67.0,57.0,72.0,16.0,0.0,42
2019-10-14,74.0,59.0,83.0,14.0,0.0,46
2019-10-15,65.0,54.0,69.0,12.0,0.0,53
2019-10-16,67.0,55.0,87.0,36.0,0.0,52
2019-10-17,59.0,53.0,72.0,30.0,1.71,42
2019-10-18,59.0,49.0,64.0,26.0,0.0,49
2019-10-19,62.0,47.0,63.0,13.0,0.0,32
2019-10-20,59.0,52.0,86.0,15.0,0.0,28
2019-10-21,67.0,52.0,86.0,16.0,0.37,62
2019-10-22,63.0,55.0,96.0,16.0,0.0,43
2019-10-23,66.0,57.0,100.0,20.0,0.51,34
2019-10-24,67.0,53.0,51.0,16.0,0.0,51
2019-10-25,67.0,54.0,78.0,13.0,0.0,32
2019-10-26,63.0,55.0,72.0,12.0,0.0,37
2019-10-27,70.0,56.0,93.0,22.0,0.03,27
2019-10-28,62.0,55.0,90.0,16.0,1.38,60
2019-10-29,58.0,53.0,100.0,12.0,0.0,54
2019-10-30,60.0,56.0,100.0,14.0,0.1,51
2019-10-31,67.0,59.0,100.0,29.0,0.3,39
2019-11-01,66.0,44.0,96.0,32.0,0.2,36
2019-11-02,50.0,40.0,71.0,15.0,0.0,29
2019-11-03,52.0,44.0,56.0,15.0,0.0,33
2019-11-04,55.0,43.0,61.0,16.0,0.0,43
2019-11-05,61.0,51.0,80.0,18.0,0.0,31
2019-11-06,55.0,48.0,61.0,15.0,0.0,54
2019-11-07,58.0,42.0,83.0,15.0,0.0,50
2019-11-08,41.0,32.0,65.0,29.0,0.08,41
2019-11-09,41.0,30.0,59.0,13.0,0.0,23
2019-11-10,52.0,40.0,54.0,13.0,0.0,27
2019-11-11,61.0,49.0,84.0,10.0,0.0,53
2019-11-12,57.0,27.0,80.0,25.0,0.0,46
2019-11-13,34.0,25.0,56.0,25.0,0.02,42
2019-11-14,45.0,29.0,52.0,12.0,0.0,35
2019-11-15,51.0,38.0,56.0,15.0,0.0,30
2019-11-16,42.0,33.0,58.0,24.0,0.0,8
2019-11-17,44.0,31.0,65.0,26.0,0.0,28
2019-11-18,43.0,38.0,93.0,15.0,0.01,25
2019-11-19,48.0,41.0,93.0,13.0,0.62,31
2019-11-20,48.0,41.0,74.0,23.0,0.0,37
2019-11-21,53.0,40.0,68.0,13.0,0.0,45
2019-11-22,54.0,39.0,82.0,26.0,0.0,40
2019-11-23,45.0,36.0,70.0,17.0,0.07,24
2019-11-24,48.0,40.0,93.0,28.0,0.55,20
2019-11-25,53.0,41.0,67.0,17.0,0.19,41
2019-11-26,59.0,44.0,76.0,10.0,0.0,28
2019-11-27,58.0,46.0,89.0,29.0,0.0,39
2019-11-28,53.0,39.0,62.0,31.0,0.02,9
2019-11-29,42.0,32.0,64.0,20.0,0.0,14
2019-11-30,44.0,32.0,61.0,15.0,0.0,18
2019-12-01,40.0,30.0,93.0,31.0,0.0,22
2019-12-02,39.0,32.0,89.0,28.0,0.62,32
2019-12-03,38.0,32.0,85.0,29.0,0.34,25
2019-12-04,40.0,34.0,76.0,16.0,0.0,33
2019-12-05,43.0,38.0,76.0,24.0,0.0,28
2019-12-06,50.0,36.0,53.0,22.0,0.0,30
2019-12-07,38.0,32.0,57.0,21.0,0.0,18
2019-12-08,44.0,28.0,68.0,16.0,0.0,24
2019-12-09,56.0,41.0,93.0,21.0,0.17,34
2019-12-10,58.0,40.0,88.0,17.0,1.63,34
2019-12-11,40.0,32.0,92.0,24.0,0.43,26
2019-12-12,36.0,28.0,61.0,20.0,0.03,30
2019-12-13,47.0,33.0,93.0,21.0,0.0,26
2019-12-14,55.0,46.0,100.0,23.0,2.05,24
2019-12-15,48.0,38.0,60.0,31.0,0.09,21
2019-12-16,37.0,34.0,75.0,16.0,0.0,33
2019-12-17,36.0,33.0,89.0,22.0,0.5,30
2019-12-18,37.0,24.0,79.0,26.0,0.48,27
2019-12-19,26.0,18.0,68.0,28.0,0.0,22
2019-12-20,34.0,24.0,62.0,17.0,0.0,26
2019-12-21,35.0,24.0,72.0,10.0,0.0,21
2019-12-22,47.0,31.0,69.0,14.0,0.0,22
2019-12-23,57.0,38.0,68.0,13.0,0.0,23
2019-12-24,47.0,36.0,65.0,15.0,0.0,15
2019-12-25,42.0,34.0,86.0,8.0,0.0,16
2019-12-26,46.0,36.0,93.0,15.0,0.0,22
2019-12-27,54.0,43.0,86.0,14.0,0.0,30
2019-12-28,50.0,44.0,83.0,14.0,0.0,28
2019-12-29,44.0,39.0,93.0,13.0,0.0,24
2019-12-30,43.0,39.0,93.0,30.0,0.53,27
2019-12-31,45.0,38.0,89.0,16.0,0.25,27
2020-01-01,40.0,36.0,58.0,23.0,0.01,17
2020-01-02,49.0,34.0,61.0,12.0,0.0,40
2020-01-03,49.0,45.0,90.0,8.0,0.05,41
2020-01-04,49.0,41.0,100.0,22.0,0.32,25
2020-01-05,40.0,36.0,73.0,33.0,0.01,17
2020-01-06,44.0,32.0,88.0,24.0,0.02,44
2020-01-07,43.0,35.0,86.0,15.0,0.0,58
2020-01-08,42.0,29.0,76.0,30.0,0.0,29
2020-01-09,33.0,24.0,54.0,23.0,0.0,20
2020-01-10,53.0,33.0,77.0,14.0,0.0,31
2020-01-11,64.0,50.0,88.0,20.0,0.0,25
2020-01-12,67.0,44.0,94.0,25.0,0.06,29
2020-01-13,44.0,37.0,93.0,13.0,0.0,47
2020-01-14,43.0,39.0,96.0,14.0,0.0,58
2020-01-15,50.0,42.0,96.0,16.0,0.07,31
2020-01-16,50.0,34.0,90.0,30.0,0.1,50
2020-01-17,33.0,21.0,54.0,32.0,0.02,24
2020-01-18,37.0,20.0,97.0,20.0,0.0,19
2020-01-19,43.0,28.0,89.0,30.0,0.0,15
2020-01-20,31.0,21.0,58.0,25.0,0.0,16
2020-01-21,32.0,21.0,60.0,16.0,0.0,36
2020-01-22,38.0,27.0,61.0,7.0,0.0,40
2020-01-23,46.0,31.0,64.0,9.0,0.0,43
2020-01-24,46.0,33.0,85.0,13.0,0.0,51
2020-01-25,51.0,37.0,93.0,30.0,0.0,34
2020-01-26,45.0,39.0,79.0,18.0,0.78,29
2020-01-27,44.0,38.0,65.0,18.0,0.0,42
2020-01-28,41.0,37.0,65.0,23.0,0.0,45
2020-01-29,40.0,31.0,54.0,17.0,0.0,45
2020-01-30,35.0,25.0,64.0,14.0,0.0,31
2020-01-31,43.0,33.0,87.0,9.0,0.0,34
2020-02-01,41.0,37.0,93.0,8.0,0.01,26
2020-02-02,43.0,35.0,87.0,15.0,0.02,26
2020-02-03,56.0,37.0,89.0,14.0,0.05,38
2020-02-04,58.0,40.0,86.0,13.0,0.0,52
2020-02-05,47.0,39.0,82.0,17.0,0.01,40
2020-02-06,40.0,35.0,97.0,18.0,0.5,38
2020-02-07,57.0,33.0,97.0,33.0,0.19,36
2020-02-08,40.0,30.0,75.0,25.0,0.16,18
2020-02-09,42.0,31.0,82.0,15.0,0.0,26
2020-02-10,46.0,42.0,93.0,15.0,0.02,46
2020-02-11,47.0,42.0,97.0,20.0,0.54,32
2020-02-12,45.0,37.0,82.0,25.0,0.13,43
2020-02-13,43.0,36.0,93.0,25.0,0.0,40
2020-02-14,40.0,19.0,65.0,28.0,0.13,29
2020-02-15,30.0,15.0,58.0,15.0,0.0,16
2020-02-16,43.0,30.0,73.0,13.0,0.0,27
2020-02-17,51.0,38.0,62.0,15.0,0.0,37
2020-02-18,45.0,37.0,96.0,16.0,0.0,44
2020-02-19,47.0,33.0,86.0,22.0,0.0,47
2020-02-20,35.0,27.0,50.0,20.0,0.0,40
2020-02-21,36.0,21.0,55.0,16.0,0.0,41
2020-02-22,50.0,32.0,35.0,15.0,0.0,19
2020-02-23,55.0,38.0,51.0,14.0,0.0,23
2020-02-24,60.0,41.0,66.0,14.0,0.0,43
2020-02-25,51.0,44.0,93.0,10.0,0.0,54
2020-02-26,48.0,42.0,100.0,17.0,0.14,43
2020-02-27,45.0,32.0,100.0,32.0,0.46,50
2020-02-28,41.0,30.0,47.0,25.0,0.0,29
2020-02-29,35.0,27.0,49.0,24.0,0.0,28
2020-03-01,44.0,26.0,55.0,23.0,0.0,23
2020-03-02,56.0,38.0,73.0,16.0,0.0,36
2020-03-03,58.0,48.0,89.0,26.0,0.01,43
2020-03-04,57.0,46.0,66.0,28.0,0.28,43
2020-03-05,52.0,40.0,71.0,24.0,0.0,47
2020-03-06,45.0,37.0,89.0,20.0,0.0,45
2020-03-07,47.0,37.0,76.0,23.0,0.14,22
2020-03-08,60.0,37.0,41.0,14.0,0.0,38
2020-03-09,72.0,47.0,41.0,17.0,0.0,41
2020-03-10,66.0,55.0,64.0,20.0,0.0,52
2020-03-11,56.0,44.0,66.0,22.0,0.0,54
2020-03-12,48.0,42.0,85.0,13.0,0.0,48
2020-03-13,70.0,43.0,96.0,26.0,0.17,31
2020-03-14,55.0,45.0,40.0,24.0,0.12,14
2020-03-15,53.0,42.0,51.0,13.0,0.0,18
2020-03-16,43.0,34.0,67.0,18.0,0.0,26
2020-03-17,55.0,41.0,89.0,12.0,0.08,24
2020-03-18,53.0,44.0,52.0,18.0,0.07,40
2020-03-19,52.0,42.0,89.0,18.0,1.0,33
2020-03-20,77.0,47.0,93.0,21.0,0.02,25
2020-03-21,67.0,42.0,55.0,21.0,0.0,22
2020-03-22,43.0,35.0,55.0,17.0,0.0,17
2020-03-23,42.0,37.0,89.0,20.0,0.0,21
2020-03-24,53.0,37.0,82.0,17.0,1.44,30
2020-03-25,45.0,41.0,82.0,22.0,0.0,30
2020-03-26,58.0,39.0,71.0,15.0,0.01,21
2020-03-27,67.0,51.0,74.0,13.0,0.0,18
2020-03-28,51.0,45.0,93.0,20.0,0.0,24
2020-03-29,47.0,45.0,93.0,25.0,0.42,20
2020-03-30,49.0,42.0,93.0,14.0,0.01,34
2020-03-31,48.0,41.0,89.0,14.0,0.14,28
2020-04-01,55.0,39.0,70.0,18.0,0.0,26
2020-04-02,58.0,40.0,60.0,30.0,0.0,30
2020-04-03,52.0,46.0,74.0,25.0,0.0,15
2020-04-04,60.0,46.0,86.0,17.0,0.08,25
2020-04-05,62.0,47.0,83.0,12.0,0.0,21
2020-04-06,66.0,48.0,86.0,16.0,0.06,33
2020-04-07,65.0,54.0,62.0,20.0,0.0,19
2020-04-08,62.0,49.0,90.0,15.0,0.23,29
2020-04-09,58.0,48.0,87.0,32.0,0.0,30
2020-04-10,49.0,40.0,73.0,32.0,0.27,39
2020-04-11,55.0,40.0,46.0,20.0,0.0,19
2020-04-12,61.0,44.0,72.0,18.0,0.0,20
2020-04-13,68.0,53.0,94.0,32.0,0.61,37
2020-04-14,59.0,48.0,59.0,23.0,1.11,32
2020-04-15,52.0,43.0,65.0,18.0,0.0,34
2020-04-16,48.0,40.0,58.0,24.0,0.0,44
2020-04-17,50.0,39.0,79.0,17.0,0.0,30
2020-04-18,47.0,42.0,90.0,18.0,0.18,21
2020-04-19,61.0,42.0,51.0,18.0,0.08,22
2020-04-20,57.0,50.0,59.0,13.0,0.0,45
2020-04-21,58.0,41.0,80.0,32.0,0.0,44
2020-04-22,51.0,38.0,49.0,29.0,0.33,34
2020-04-23,49.0,42.0,63.0,13.0,0.0,34
2020-04-24,50.0,43.0,90.0,21.0,0.41,41
2020-04-25,63.0,44.0,86.0,14.0,0.2,28
2020-04-26,50.0,44.0,90.0,30.0,0.0,39
2020-04-27,49.0,41.0,86.0,18.0,0.07,39
2020-04-28,65.0,44.0,71.0,13.0,0.0,38
2020-04-29,57.0,46.0,87.0,18.0,0.0,50
2020-04-30,62.0,49.0,90.0,29.0,0.23,31
2020-05-01,66.0,55.0,93.0,18.0,0.73,44
2020-05-02,72.0,53.0,62.0,17.0,0.14,38
2020-05-03,80.0,55.0,84.0,17.0,0.03,47
2020-05-04,71.0,51.0,58.0,31.0,0.0,47
2020-05-05,63.0,47.0,55.0,20.0,0.0,37
2020-05-06,52.0,47.0,77.0,21.0,0.0,36
2020-05-07,67.0,49.0,69.0,16.0,0.03,54
2020-05-08,58.0,44.0,86.0,22.0,0.0,43
2020-05-09,48.0,36.0,87.0,30.0,0.41,34
2020-05-10,65.0,42.0,45.0,22.0,0.0,33
2020-05-11,59.0,47.0,74.0,33.0,0.0,60
2020-05-12,59.0,45.0,63.0,28.0,0.1,47
2020-05-13,63.0,43.0,64.0,18.0,0.0,50
2020-05-14,65.0,49.0,77.0,17.0,0.0,73
2020-05-15,85.0,59.0,83.0,21.0,0.01,62
2020-05-16,76.0,63.0,75.0,15.0,0.03,33
2020-05-17,68.0,55.0,72.0,17.0,0.0,41
2020-05-18,66.0,55.0,75.0,15.0,0.0,70
2020-05-19,68.0,55.0,80.0,25.0,0.0,80
2020-05-20,64.0,51.0,57.0,18.0,0.0,60
2020-05-21,66.0,48.0,77.0,16.0,0.0,65
2020-05-22,76.0,56.0,88.0,17.0,0.0,59
2020-05-23,66.0,57.0,94.0,23.0,0.01,37
2020-05-24,68.0,52.0,78.0,21.0,0.33,71
2020-05-25,66.0,56.0,90.0,16.0,0.01,69
2020-05-26,76.0,58.0,93.0,13.0,0.0,95
2020-05-27,78.0,60.0,93.0,16.0,0.0,79
2020-05-28,76.0,63.0,94.0,22.0,0.0,79
2020-05-29,81.0,65.0,94.0,21.0,0.0,50
2020-05-30,83.0,66.0,87.0,18.0,0.01,39
2020-05-31,70.0,59.0,51.0,23.0,0.0,35
2020-06-01,72.0,54.0,49.0,17.0,0.0,56
2020-06-02,75.0,63.0,48.0,17.0,0.0,54
2020-06-03,82.0,63.0,84.0,14.0,0.07,50
2020-06-04,88.0,69.0,81.0,15.0,0.12,45
2020-06-05,82.0,69.0,90.0,14.0,0.31,54
2020-06-06,89.0,70.0,91.0,26.0,0.11,38
2020-06-07,77.0,65.0,56.0,20.0,0.1,50
2020-06-08,80.0,64.0,52.0,12.0,0.0,69
2020-06-09,91.0,69.0,53.0,15.0,0.0,64
2020-06-10,84.0,69.0,78.0,20.0,0.0,56
2020-06-11,81.0,70.0,85.0,15.0,0.0,58
2020-06-12,86.0,70.0,85.0,16.0,0.05,63
2020-06-13,76.0,62.0,56.0,15.0,0.0,26
2020-06-14,75.0,55.0,56.0,14.0,0.0,32
2020-06-15,76.0,62.0,67.0,17.0,0.0,94
2020-06-16,79.0,63.0,68.0,15.0,0.0,60
2020-06-17,78.0,63.0,84.0,17.0,0.0,49
2020-06-18,77.0,66.0,88.0,13.0,0.0,73
2020-06-19,85.0,68.0,88.0,20.0,0.0,64
2020-06-20,87.0,73.0,71.0,17.0,0.0,48
2020-06-21,88.0,74.0,73.0,14.0,0.0,48
2020-06-22,93.0,76.0,69.0,18.0,0.0,72
2020-06-23,87.0,76.0,79.0,18.0,0.0,54
2020-06-24,88.0,76.0,79.0,18.0,0.0,54
2020-06-25,88.0,74.0,56.0,21.0,0.0,63
2020-06-26,89.0,73.0,68.0,17.0,0.0,43
2020-06-27,82.0,76.0,76.0,16.0,0.0,39
2020-06-28,91.0,73.0,84.0,17.0,0.25,42
2020-06-29,89.0,73.0,76.0,16.0,0.02,60
2020-06-30,79.0,70.0,76.0,15.0,0.07,83
2020-07-01,83.0,69.0,87.0,17.0,0.0,68
2020-07-02,94.0,70.0,78.0,13.0,0.0,56
2020-07-03,92.0,72.0,88.0,17.0,0.0,56
2020-07-04,86.0,70.0,87.0,13.0,0.36,37
2020-07-05,95.0,74.0,76.0,15.0,0.0,32
2020-07-06,95.0,74.0,78.0,21.0,0.0,62
2020-07-07,81.0,73.0,85.0,15.0,0.05,80
2020-07-08,87.0,78.0,79.0,15.0,0.0,71
2020-07-09,90.0,78.0,77.0,14.0,0.01,79
2020-07-10,79.0,73.0,94.0,26.0,0.0,50
2020-07-11,87.0,75.0,87.0,20.0,2.47,42
2020-07-12,92.0,76.0,64.0,21.0,0.04,52
2020-07-13,89.0,76.0,69.0,15.0,0.05,92
2020-07-14,87.0,74.0,62.0,21.0,0.0,83
2020-07-15,82.0,72.0,81.0,15.0,0.0,81
2020-07-16,79.0,71.0,69.0,15.0,0.0,60
2020-07-17,86.0,71.0,85.0,14.0,0.02,59
2020-07-18,94.0,74.0,87.0,13.0,0.02,34
2020-07-19,96.0,80.0,67.0,18.0,0.0,35
2020-07-20,95.0,84.0,69.0,16.0,0.0,57
2020-07-21,93.0,79.0,60.0,16.0,0.0,55
2020-07-22,94.0,75.0,83.0,36.0,0.05,57
2020-07-23,91.0,76.0,79.0,15.0,0.79,50
2020-07-24,83.0,75.0,82.0,15.0,0.05,49
2020-07-25,91.0,74.0,87.0,15.0,0.26,36
2020-07-26,95.0,80.0,74.0,18.0,0.0,40
2020-07-27,97.0,82.0,51.0,17.0,0.0,76
2020-07-28,96.0,84.0,59.0,16.0,0.0,52
2020-07-29,90.0,79.0,67.0,18.0,0.0,61
2020-07-30,95.0,81.0,58.0,15.0,0.0,63
2020-07-31,84.0,72.0,87.0,24.0,0.57,63
2020-08-01,89.0,74.0,85.0,15.0,0.0,38
2020-08-02,90.0,77.0,82.0,24.0,0.0,46
2020-08-03,92.0,74.0,79.0,37.0,0.0,81
2020-08-04,82.0,74.0,88.0,53.0,0.53,55
2020-08-05,89.0,77.0,74.0,15.0,0.27,56
2020-08-06,82.0,74.0,73.0,10.0,0.0,53
2020-08-07,79.0,71.0,84.0,16.0,0.22,57
2020-08-08,85.0,72.0,84.0,12.0,0.22,44
2020-08-09,88.0,75.0,82.0,18.0,0.0,51
2020-08-10,94.0,79.0,79.0,18.0,0.0,64
2020-08-11,88.0,80.0,79.0,16.0,0.0,59
2020-08-12,90.0,78.0,81.0,23.0,0.0,62
2020-08-13,82.0,76.0,85.0,10.0,1.49,49
2020-08-14,88.0,74.0,85.0,15.0,0.11,60
2020-08-15,85.0,74.0,74.0,18.0,0.0,39
2020-08-16,73.0,69.0,84.0,23.0,0.03,48
2020-08-17,82.0,69.0,84.0,17.0,0.1,71
2020-08-18,85.0,67.0,81.0,20.0,0.97,103
2020-08-19,78.0,70.0,78.0,12.0,0.01,94
2020-08-20,83.0,68.0,70.0,13.0,0.13,69
2020-08-21,87.0,72.0,71.0,16.0,0.0,66
2020-08-22,91.0,77.0,71.0,14.0,0.0,35
2020-08-23,86.0,77.0,74.0,14.0,0.0,47
2020-08-24,93.0,78.0,76.0,15.0,0.0,80
2020-08-25,92.0,71.0,78.0,41.0,0.0,52
2020-08-26,79.0,70.0,57.0,20.0,0.36,74
2020-08-27,94.0,72.0,76.0,30.0,0.05,57
2020-08-28,89.0,76.0,74.0,15.0,0.38,66
2020-08-29,83.0,75.0,84.0,21.0,0.02,38
2020-08-30,81.0,71.0,62.0,25.0,0.01,56
2020-08-31,76.0,67.0,65.0,10.0,0.0,64
2020-09-01,80.0,68.0,90.0,15.0,0.18,70
2020-09-02,81.0,70.0,91.0,14.0,0.0,63
2020-09-03,88.0,75.0,89.0,16.0,0.04,53
2020-09-04,87.0,74.0,85.0,15.0,1.16,45
2020-09-05,81.0,69.0,57.0,13.0,0.0,51
2020-09-06,84.0,70.0,62.0,17.0,0.0,40
2020-09-07,80.0,71.0,70.0,17.0,0.0,32
2020-09-08,84.0,71.0,81.0,12.0,0.0,71
2020-09-09,80.0,72.0,81.0,9.0,0.0,60
2020-09-10,85.0,75.0,91.0,13.0,0.53,65
2020-09-11,78.0,68.0,87.0,15.0,0.96,60
2020-09-12,73.0,63.0,73.0,16.0,0.0,53
2020-09-13,77.0,64.0,79.0,17.0,0.0,33
2020-09-14,77.0,64.0,71.0,21.0,0.0,71
2020-09-15,67.0,55.0,57.0,17.0,0.0,66
2020-09-16,72.0,60.0,67.0,15.0,0.0,47
2020-09-17,77.0,67.0,78.0,12.0,0.0,72
2020-09-18,72.0,59.0,81.0,20.0,0.0,64
2020-09-19,65.0,51.0,50.0,20.0,0.0,35
2020-09-20,64.0,52.0,51.0,21.0,0.0,35
2020-09-21,65.0,52.0,55.0,16.0,0.0,63
2020-09-22,74.0,55.0,62.0,18.0,0.0,45
2020-09-23,80.0,62.0,52.0,18.0,0.0,48
2020-09-24,77.0,66.0,63.0,12.0,0.0,71
2020-09-25,80.0,65.0,78.0,13.0,0.0,66
2020-09-26,77.0,67.0,87.0,15.0,0.0,59
2020-09-27,78.0,70.0,87.0,12.0,0.0,36
2020-09-28,78.0,71.0,90.0,18.0,0.04,71
2020-09-29,74.0,69.0,88.0,22.0,0.0,69
2020-09-30,73.0,63.0,91.0,24.0,1.19,58
2020-10-01,74.0,62.0,72.0,14.0,0.0,62
2020-10-02,67.0,58.0,72.0,14.0,0.02,52
2020-10-03,68.0,55.0,67.0,12.0,0.01,36
2020-10-04,67.0,53.0,72.0,14.0,0.0,38
2020-10-05,68.0,56.0,75.0,10.0,0.0,64
2020-10-06,70.0,59.0,81.0,15.0,0.0,56
2020-10-07,77.0,62.0,75.0,21.0,0.0,57
2020-10-08,64.0,57.0,57.0,22.0,0.02,49
2020-10-09,70.0,55.0,55.0,14.0,0.0,52
2020-10-10,73.0,60.0,75.0,16.0,0.0,33
2020-10-11,69.0,61.0,79.0,17.0,0.0,34
2020-10-12,59.0,52.0,94.0,25.0,0.19,19
2020-10-13,61.0,55.0,94.0,25.0,0.9,59
2020-10-14,71.0,55.0,75.0,15.0,0.13,45
2020-10-15,73.0,58.0,78.0,25.0,0.0,55
2020-10-16,66.0,51.0,90.0,18.0,0.0,40
2020-10-17,61.0,49.0,83.0,18.0,1.46,42
2020-10-18,64.0,50.0,77.0,15.0,0.0,46
2020-10-19,67.0,54.0,84.0,14.0,0.0,71
2020-10-20,72.0,60.0,94.0,12.0,0.01,73
2020-10-21,71.0,62.0,94.0,12.0,0.0,69
2020-10-22,69.0,65.0,90.0,7.0,0.0,71
2020-10-23,70.0,64.0,93.0,10.0,0.0,61
2020-10-24,70.0,52.0,80.0,20.0,0.0,26
2020-10-25,54.0,47.0,83.0,16.0,0.0,42
2020-10-26,59.0,53.0,94.0,16.0,0.02,55
2020-10-27,60.0,54.0,97.0,15.0,0.03,57
2020-10-28,59.0,53.0,97.0,10.0,0.05,64
2020-10-29,58.0,47.0,92.0,26.0,0.11,45
2020-10-30,47.0,39.0,90.0,22.0,1.99,45
2020-10-31,47.0,35.0,78.0,13.0,0.22,34
2020-11-01,56.0,45.0,89.0,28.0,0.0,24
2020-11-02,46.0,40.0,55.0,33.0,0.43,43
2020-11-03,55.0,42.0,56.0,24.0,0.0,35
2020-11-04,63.0,42.0,67.0,13.0,0.0,35
2020-11-05,70.0,52.0,90.0,14.0,0.0,46
2020-11-06,72.0,57.0,78.0,13.0,0.0,43
2020-11-07,76.0,57.0,62.0,10.0,0.0,18
2020-11-08,0.0,0.0,0.0,0.0,0.0,39
2020-11-09,77.0,61.0,78.0,12.0,0.0,47
2020-11-10,75.0,59.0,83.0,14.0,0.0,49
2020-11-11,70.0,62.0,90.0,12.0,0.0,59
2020-11-12,69.0,48.0,93.0,20.0,0.77,43
2020-11-13,52.0,48.0,93.0,14.0,0.18,36
2020-11-14,53.0,45.0,61.0,20.0,0.12,30
2020-11-15,64.0,42.0,78.0,46.0,0.0,17
2020-11-16,56.0,49.0,46.0,24.0,0.13,46
2020-11-17,50.0,39.0,59.0,25.0,0.0,48
2020-11-18,38.0,33.0,57.0,31.0,0.0,36
2020-11-19,50.0,33.0,52.0,16.0,0.0,34
2020-11-20,64.0,47.0,54.0,16.0,0.0,29
2020-11-21,65.0,51.0,52.0,15.0,0.0,26
2020-11-22,60.0,46.0,84.0,18.0,0.0,40
2020-11-23,61.0,45.0,90.0,31.0,0.5,41
2020-11-24,50.0,44.0,56.0,17.0,0.18,41
2020-11-25,55.0,46.0,74.0,14.0,0.0,36
2020-11-26,66.0,54.0,87.0,14.0,0.67,26
2020-11-27,63.0,53.0,69.0,13.0,0.21,38
2020-11-28,57.0,47.0,61.0,16.0,0.0,31
2020-11-29,56.0,42.0,55.0,10.0,0.0,36
2020-11-30,65.0,49.0,87.0,31.0,0.0,36
2020-12-01,60.0,40.0,88.0,24.0,1.23,46
2020-12-02,45.0,39.0,56.0,21.0,0.0,42
2020-12-03,51.0,38.0,57.0,16.0,0.0,36
2020-12-04,53.0,47.0,80.0,15.0,0.0,30
2020-12-05,48.0,41.0,86.0,25.0,0.76,24
2020-12-06,42.0,36.0,55.0,28.0,0.38,12
2020-12-07,42.0,34.0,59.0,18.0,0.0,42
2020-12-08,38.0,32.0,64.0,20.0,0.0,22
2020-12-09,40.0,34.0,79.0,17.0,0.0,53
2020-12-10,50.0,39.0,68.0,18.0,0.02,26
2020-12-11,55.0,40.0,71.0,13.0,0.0,34
2020-12-12,56.0,44.0,90.0,10.0,0.0,41
2020-12-13,62.0,49.0,80.0,24.0,0.0,30
2020-12-14,47.0,39.0,81.0,18.0,0.0,53
2020-12-15,41.0,32.0,50.0,22.0,0.23,43
2020-12-16,33.0,28.0,89.0,35.0,0.0,23
2020-12-17,34.0,26.0,96.0,36.0,0.65,22
2020-12-18,33.0,27.0,67.0,16.0,0.04,25
2020-12-19,34.0,25.0,66.0,14.0,0.0,19
2020-12-20,40.0,33.0,86.0,9.0,0.0,26
2020-12-21,48.0,38.0,86.0,13.0,0.01,38
2020-12-22,47.0,40.0,79.0,23.0,0.0,36
2020-12-23,45.0,39.0,68.0,16.0,0.0,27
2020-12-24,62.0,43.0,86.0,28.0,0.0,16
2020-12-25,63.0,32.0,87.0,36.0,0.69,12
2020-12-26,34.0,26.0,56.0,22.0,0.22,24
2020-12-27,40.0,27.0,61.0,13.0,0.0,21
2020-12-28,51.0,37.0,74.0,17.0,0.0,41
2020-12-29,44.0,33.0,51.0,23.0,0.0,28
2020-12-30,45.0,31.0,56.0,17.0,0.0,48
2020-12-31,50.0,38.0,83.0,17.0,0.1,26
