day,rat_sightings
1/1/10,9
1/2/10,12
1/3/10,3
1/4/10,24
1/5/10,14
1/6/10,21
1/7/10,15
1/8/10,13
1/9/10,10
1/10/10,7
1/11/10,25
1/12/10,16
1/13/10,24
1/14/10,15
1/15/10,19
1/16/10,13
1/17/10,9
1/18/10,15
1/19/10,35
1/20/10,12
1/21/10,32
1/22/10,20
1/23/10,9
1/24/10,12
1/25/10,22
1/26/10,40
1/27/10,22
1/28/10,20
1/29/10,17
1/30/10,15
1/31/10,8
2/1/10,20
2/2/10,18
2/3/10,15
2/4/10,13
2/5/10,27
2/6/10,9
2/7/10,11
2/8/10,18
2/9/10,22
2/10/10,13
2/11/10,15
2/12/10,15
2/13/10,8
2/14/10,9
2/15/10,10
2/16/10,17
2/17/10,18
2/18/10,19
2/19/10,16
2/20/10,9
2/21/10,10
2/22/10,24
2/23/10,13
2/24/10,25
2/25/10,23
2/26/10,11
2/27/10,7
2/28/10,10
3/1/10,26
3/2/10,17
3/3/10,21
3/4/10,25
3/5/10,28
3/6/10,10
3/7/10,13
3/8/10,31
3/9/10,20
3/10/10,29
3/11/10,37
3/12/10,18
3/13/10,13
3/14/10,14
3/15/10,36
3/16/10,23
3/17/10,36
3/18/10,31
3/19/10,38
3/20/10,26
3/21/10,19
3/22/10,40
3/23/10,48
3/24/10,49
3/25/10,34
3/26/10,33
3/27/10,15
3/28/10,17
3/29/10,25
3/30/10,31
3/31/10,28
4/1/10,34
4/2/10,26
4/3/10,14
4/4/10,18
4/5/10,44
4/6/10,32
4/7/10,36
4/8/10,39
4/9/10,31
4/10/10,15
4/11/10,19
4/12/10,48
4/13/10,41
4/14/10,45
4/15/10,28
4/16/10,23
4/17/10,22
4/18/10,12
4/19/10,47
4/20/10,36
4/21/10,54
4/22/10,29
4/23/10,36
4/24/10,18
4/25/10,11
4/26/10,36
4/27/10,35
4/28/10,30
4/29/10,27
4/30/10,26
5/1/10,15
5/2/10,18
5/3/10,50
5/4/10,39
5/5/10,49
5/6/10,40
5/7/10,27
5/8/10,19
5/9/10,16
5/10/10,38
5/11/10,47
5/12/10,31
5/13/10,34
5/14/10,27
5/15/10,24
5/16/10,22
5/17/10,63
5/18/10,46
5/19/10,50
5/20/10,44
5/21/10,34
5/22/10,30
5/23/10,27
5/24/10,52
5/25/10,66
5/26/10,40
5/27/10,42
5/28/10,35
5/29/10,18
5/30/10,10
5/31/10,13
6/1/10,50
6/2/10,32
6/3/10,33
6/4/10,37
6/5/10,26
6/6/10,24
6/7/10,49
6/8/10,52
6/9/10,33
6/10/10,39
6/11/10,41
6/12/10,15
6/13/10,18
6/14/10,63
6/15/10,53
6/16/10,48
6/17/10,46
6/18/10,36
6/19/10,22
6/20/10,15
6/21/10,40
6/22/10,59
6/23/10,46
6/24/10,39
6/25/10,34
6/26/10,30
6/27/10,32
6/28/10,52
6/29/10,50
6/30/10,47
7/1/10,42
7/2/10,36
7/3/10,19
7/4/10,13
7/5/10,19
7/6/10,44
7/7/10,49
7/8/10,68
7/9/10,50
7/10/10,24
7/11/10,28
7/12/10,58
7/13/10,55
7/14/10,49
7/15/10,51
7/16/10,49
7/17/10,27
7/18/10,27
7/19/10,64
7/20/10,47
7/21/10,61
7/22/10,45
7/23/10,34
7/24/10,30
7/25/10,21
7/26/10,46
7/27/10,57
7/28/10,65
7/29/10,46
7/30/10,49
7/31/10,16
8/1/10,21
8/2/10,67
8/3/10,44
8/4/10,50
8/5/10,41
8/6/10,46
8/7/10,20
8/8/10,29
8/9/10,54
8/10/10,57
8/11/10,51
8/12/10,44
8/13/10,44
8/14/10,25
8/15/10,21
8/16/10,50
8/17/10,67
8/18/10,58
8/19/10,49
8/20/10,63
8/21/10,30
8/22/10,19
8/23/10,46
8/24/10,42
8/25/10,42
8/26/10,45
8/27/10,42
8/28/10,27
8/29/10,23
8/30/10,59
8/31/10,45
9/1/10,38
9/2/10,59
9/3/10,34
9/4/10,9
9/5/10,14
9/6/10,22
9/7/10,48
9/8/10,30
9/9/10,36
9/10/10,37
9/11/10,21
9/12/10,20
9/13/10,47
9/14/10,44
9/15/10,42
9/16/10,39
9/17/10,34
9/18/10,17
9/19/10,29
9/20/10,60
9/21/10,49
9/22/10,39
9/23/10,35
9/24/10,42
9/25/10,21
9/26/10,19
9/27/10,32
9/28/10,50
9/29/10,42
9/30/10,31
10/1/10,30
10/2/10,21
10/3/10,11
10/4/10,37
10/5/10,38
10/6/10,34
10/7/10,50
10/8/10,27
10/9/10,23
10/10/10,15
10/11/10,36
10/12/10,49
10/13/10,27
10/14/10,39
10/15/10,32
10/16/10,17
10/17/10,12
10/18/10,32
10/19/10,28
10/20/10,39
10/21/10,34
10/22/10,31
10/23/10,12
10/24/10,17
10/25/10,46
10/26/10,40
10/27/10,23
10/28/10,32
10/29/10,22
10/30/10,9
10/31/10,12
11/1/10,24
11/2/10,20
11/3/10,26
11/4/10,24
11/5/10,22
11/6/10,19
11/7/10,8
11/8/10,30
11/9/10,25
11/10/10,21
11/11/10,15
11/12/10,26
11/13/10,16
11/14/10,15
11/15/10,35
11/16/10,19
11/17/10,26
11/18/10,27
11/19/10,25
11/20/10,20
11/21/10,14
11/22/10,31
11/23/10,28
11/24/10,22
11/25/10,5
11/26/10,12
11/27/10,17
11/28/10,17
11/29/10,38
11/30/10,24
12/1/10,18
12/2/10,21
12/3/10,24
12/4/10,3
12/5/10,12
12/6/10,32
12/7/10,20
12/8/10,19
12/9/10,14
12/10/10,10
12/11/10,12
12/12/10,10
12/13/10,29
12/14/10,16
12/15/10,21
12/16/10,20
12/17/10,9
12/18/10,7
12/19/10,9
12/20/10,17
12/21/10,16
12/22/10,23
12/23/10,13
12/24/10,5
12/25/10,5
12/26/10,4
12/27/10,2
12/28/10,6
12/29/10,12
12/30/10,15
12/31/10,11
1/1/11,6
1/2/11,12
1/3/11,22
1/4/11,20
1/5/11,18
1/6/11,21
1/7/11,16
1/8/11,9
1/9/11,6
1/10/11,14
1/11/11,20
1/12/11,14
1/13/11,9
1/14/11,11
1/15/11,14
1/16/11,11
1/17/11,14
1/18/11,24
1/19/11,28
1/20/11,26
1/21/11,18
1/22/11,11
1/23/11,7
1/24/11,17
1/25/11,22
1/26/11,19
1/27/11,13
1/28/11,13
1/29/11,5
1/30/11,9
1/31/11,10
2/1/11,16
2/2/11,11
2/3/11,23
2/4/11,15
2/5/11,10
2/6/11,11
2/7/11,24
2/8/11,20
2/9/11,26
2/10/11,20
2/11/11,14
2/12/11,10
2/13/11,15
2/14/11,31
2/15/11,26
2/16/11,28
2/17/11,33
2/18/11,28
2/19/11,18
2/20/11,12
2/21/11,11
2/22/11,26
2/23/11,23
2/24/11,29
2/25/11,22
2/26/11,12
2/27/11,18
2/28/11,31
3/1/11,32
3/2/11,28
3/3/11,26
3/4/11,20
3/5/11,12
3/6/11,16
3/7/11,40
3/8/11,27
3/9/11,34
3/10/11,21
3/11/11,34
3/12/11,18
3/13/11,18
3/14/11,31
3/15/11,30
3/16/11,36
3/17/11,22
3/18/11,28
3/19/11,15
3/20/11,14
3/21/11,49
3/22/11,41
3/23/11,30
3/24/11,37
3/25/11,28
3/26/11,14
3/27/11,15
3/28/11,23
3/29/11,21
3/30/11,33
3/31/11,32
4/1/11,39
4/2/11,18
4/3/11,13
4/4/11,40
4/5/11,34
4/6/11,48
4/7/11,41
4/8/11,31
4/9/11,19
4/10/11,21
4/11/11,45
4/12/11,39
4/13/11,26
4/14/11,41
4/15/11,29
4/16/11,9
4/17/11,17
4/18/11,47
4/19/11,36
4/20/11,37
4/21/11,22
4/22/11,29
4/23/11,19
4/24/11,13
4/25/11,49
4/26/11,58
4/27/11,49
4/28/11,50
4/29/11,33
4/30/11,25
5/1/11,18
5/2/11,47
5/3/11,39
5/4/11,40
5/5/11,32
5/6/11,33
5/7/11,20
5/8/11,11
5/9/11,54
5/10/11,52
5/11/11,45
5/12/11,38
5/13/11,26
5/14/11,27
5/15/11,12
5/16/11,40
5/17/11,37
5/18/11,32
5/19/11,29
5/20/11,52
5/21/11,31
5/22/11,20
5/23/11,54
5/24/11,60
5/25/11,58
5/26/11,52
5/27/11,43
5/28/11,16
5/29/11,23
5/30/11,17
5/31/11,68
6/1/11,58
6/2/11,32
6/3/11,25
6/4/11,15
6/5/11,12
6/6/11,56
6/7/11,29
6/8/11,42
6/9/11,39
6/10/11,38
6/11/11,12
6/12/11,29
6/13/11,77
6/14/11,65
6/15/11,47
6/16/11,38
6/17/11,35
6/18/11,35
6/19/11,29
6/20/11,67
6/21/11,46
6/22/11,47
6/23/11,47
6/24/11,48
6/25/11,48
6/26/11,19
6/27/11,67
6/28/11,59
6/29/11,46
6/30/11,43
7/1/11,33
7/2/11,19
7/3/11,12
7/4/11,16
7/5/11,46
7/6/11,56
7/7/11,43
7/8/11,37
7/9/11,29
7/10/11,21
7/11/11,41
7/12/11,54
7/13/11,50
7/14/11,36
7/15/11,46
7/16/11,17
7/17/11,19
7/18/11,42
7/19/11,46
7/20/11,33
7/21/11,29
7/22/11,24
7/23/11,15
7/24/11,17
7/25/11,55
7/26/11,53
7/27/11,39
7/28/11,44
7/29/11,33
7/30/11,18
7/31/11,18
8/1/11,44
8/2/11,59
8/3/11,39
8/4/11,44
8/5/11,40
8/6/11,29
8/7/11,19
8/8/11,48
8/9/11,48
8/10/11,45
8/11/11,43
8/12/11,44
8/13/11,23
8/14/11,12
8/15/11,47
8/16/11,61
8/17/11,55
8/18/11,41
8/19/11,39
8/20/11,23
8/21/11,16
8/22/11,47
8/23/11,44
8/24/11,46
8/25/11,40
8/26/11,19
8/27/11,2
8/28/11,8
8/29/11,25
8/30/11,45
8/31/11,36
9/1/11,41
9/2/11,38
9/3/11,24
9/4/11,18
9/5/11,27
9/6/11,46
9/7/11,28
9/8/11,38
9/9/11,32
9/10/11,26
9/11/11,20
9/12/11,42
9/13/11,48
9/14/11,35
9/15/11,40
9/16/11,33
9/17/11,21
9/18/11,12
9/19/11,52
9/20/11,49
9/21/11,48
9/22/11,53
9/23/11,32
9/24/11,29
9/25/11,19
9/26/11,43
9/27/11,57
9/28/11,43
9/29/11,49
9/30/11,41
10/1/11,17
10/2/11,14
10/3/11,45
10/4/11,51
10/5/11,42
10/6/11,31
10/7/11,37
10/8/11,20
10/9/11,10
10/10/11,24
10/11/11,36
10/12/11,38
10/13/11,38
10/14/11,19
10/15/11,13
10/16/11,12
10/17/11,39
10/18/11,30
10/19/11,36
10/20/11,32
10/21/11,25
10/22/11,15
10/23/11,14
10/24/11,39
10/25/11,32
10/26/11,27
10/27/11,20
10/28/11,21
10/29/11,8
10/30/11,17
10/31/11,33
11/1/11,28
11/2/11,32
11/3/11,20
11/4/11,23
11/5/11,13
11/6/11,9
11/7/11,26
11/8/11,20
11/9/11,34
11/10/11,30
11/11/11,27
11/12/11,11
11/13/11,13
11/14/11,31
11/15/11,23
11/16/11,24
11/17/11,27
11/18/11,17
11/19/11,7
11/20/11,10
11/21/11,18
11/22/11,21
11/23/11,24
11/24/11,2
11/25/11,11
11/26/11,14
11/27/11,12
11/28/11,19
11/29/11,32
11/30/11,17
12/1/11,19
12/2/11,26
12/3/11,13
12/4/11,17
12/5/11,31
12/6/11,20
12/7/11,24
12/8/11,22
12/9/11,20
12/10/11,6
12/11/11,16
12/12/11,23
12/13/11,16
12/14/11,26
12/15/11,31
12/16/11,15
12/17/11,12
12/18/11,11
12/19/11,25
12/20/11,23
12/21/11,18
12/22/11,17
12/23/11,14
12/24/11,4
12/25/11,3
12/26/11,13
12/27/11,24
12/28/11,26
12/29/11,27
12/30/11,15
12/31/11,11
1/1/12,9
1/2/12,20
1/3/12,18
1/4/12,18
1/5/12,28
1/6/12,21
1/7/12,16
1/8/12,10
1/9/12,28
1/10/12,16
1/11/12,29
1/12/12,35
1/13/12,24
1/14/12,12
1/15/12,10
1/16/12,8
1/17/12,31
1/18/12,31
1/19/12,27
1/20/12,23
1/21/12,9
1/22/12,16
1/23/12,25
1/24/12,37
1/25/12,32
1/26/12,24
1/27/12,28
1/28/12,18
1/29/12,12
1/30/12,31
1/31/12,23
2/1/12,29
2/2/12,24
2/3/12,23
2/4/12,21
2/5/12,8
2/6/12,21
2/7/12,21
2/8/12,29
2/9/12,18
2/10/12,18
2/11/12,24
2/12/12,8
2/13/12,13
2/14/12,20
2/15/12,25
2/16/12,21
2/17/12,30
2/18/12,10
2/19/12,13
2/20/12,11
2/21/12,32
2/22/12,29
2/23/12,20
2/24/12,20
2/25/12,15
2/26/12,12
2/27/12,28
2/28/12,26
2/29/12,20
3/1/12,28
3/2/12,15
3/3/12,18
3/4/12,16
3/5/12,30
3/6/12,27
3/7/12,25
3/8/12,24
3/9/12,28
3/10/12,7
3/11/12,6
3/12/12,43
3/13/12,33
3/14/12,41
3/15/12,32
3/16/12,21
3/17/12,26
3/18/12,18
3/19/12,40
3/20/12,34
3/21/12,32
3/22/12,30
3/23/12,34
3/24/12,18
3/25/12,18
3/26/12,27
3/27/12,28
3/28/12,30
3/29/12,28
3/30/12,19
3/31/12,15
4/1/12,29
4/2/12,33
4/3/12,30
4/4/12,24
4/5/12,28
4/6/12,19
4/7/12,10
4/8/12,7
4/9/12,20
4/10/12,35
4/11/12,25
4/12/12,29
4/13/12,30
4/14/12,12
4/15/12,21
4/16/12,33
4/17/12,23
4/18/12,39
4/19/12,32
4/20/12,14
4/21/12,19
4/22/12,9
4/23/12,34
4/24/12,42
4/25/12,37
4/26/12,47
4/27/12,38
4/28/12,15
4/29/12,17
4/30/12,47
5/1/12,28
5/2/12,27
5/3/12,40
5/4/12,27
5/5/12,19
5/6/12,18
5/7/12,46
5/8/12,38
5/9/12,46
5/10/12,36
5/11/12,41
5/12/12,13
5/13/12,14
5/14/12,62
5/15/12,48
5/16/12,42
5/17/12,45
5/18/12,33
5/19/12,24
5/20/12,17
5/21/12,37
5/22/12,50
5/23/12,56
5/24/12,44
5/25/12,44
5/26/12,26
5/27/12,14
5/28/12,21
5/29/12,54
5/30/12,63
5/31/12,70
6/1/12,52
6/2/12,15
6/4/12,71
6/5/12,48
6/6/12,35
6/7/12,42
6/8/12,41
6/9/12,23
6/10/12,24
6/11/12,61
6/12/12,48
6/13/12,42
6/14/12,51
6/15/12,46
6/16/12,17
6/17/12,20
6/18/12,39
6/19/12,42
6/20/12,42
6/21/12,33
6/22/12,34
6/23/12,27
6/24/12,26
6/25/12,46
6/26/12,30
6/27/12,26
6/28/12,43
6/29/12,25
6/30/12,27
7/1/12,25
7/2/12,58
7/3/12,37
7/4/12,19
7/5/12,36
7/6/12,40
7/7/12,21
7/8/12,28
7/9/12,35
7/10/12,62
7/11/12,48
7/12/12,53
7/13/12,50
7/14/12,28
7/15/12,27
7/16/12,55
7/17/12,29
7/18/12,42
7/19/12,45
7/20/12,25
7/21/12,28
7/22/12,32
7/23/12,54
7/24/12,41
7/25/12,55
7/26/12,29
7/27/12,30
7/28/12,19
7/29/12,21
7/30/12,55
7/31/12,50
8/1/12,34
8/2/12,30
8/3/12,47
8/4/12,22
8/5/12,23
8/6/12,52
8/7/12,41
8/8/12,37
8/9/12,50
8/10/12,38
8/11/12,25
8/12/12,21
8/13/12,47
8/14/12,59
8/15/12,48
8/16/12,49
8/17/12,45
8/18/12,31
8/19/12,26
8/20/12,51
8/21/12,63
8/22/12,53
8/23/12,50
8/24/12,55
8/25/12,26
8/26/12,25
8/27/12,49
8/28/12,46
8/29/12,42
8/30/12,50
8/31/12,34
9/1/12,25
9/2/12,13
9/3/12,26
9/4/12,41
9/5/12,31
9/6/12,46
9/7/12,35
9/8/12,23
9/9/12,38
9/10/12,48
9/11/12,36
9/12/12,52
9/13/12,49
9/14/12,36
9/15/12,21
9/16/12,18
9/17/12,50
9/18/12,40
9/19/12,29
9/20/12,39
9/21/12,42
9/22/12,22
9/23/12,26
9/24/12,42
9/25/12,32
9/26/12,39
9/27/12,55
9/28/12,32
9/29/12,20
9/30/12,18
10/1/12,49
10/2/12,32
10/3/12,50
10/4/12,38
10/5/12,43
10/6/12,31
10/7/12,18
10/8/12,34
10/9/12,38
10/10/12,39
10/11/12,28
10/12/12,28
10/13/12,19
10/14/12,21
10/15/12,38
10/16/12,38
10/17/12,38
10/18/12,35
10/19/12,27
10/20/12,22
10/21/12,23
10/22/12,28
10/23/12,41
10/24/12,38
10/25/12,40
10/26/12,26
10/27/12,13
10/28/12,11
10/29/12,4
10/30/12,4
10/31/12,5
11/1/12,9
11/2/12,14
11/3/12,17
11/4/12,10
11/5/12,17
11/6/12,19
11/7/12,11
11/8/12,9
11/9/12,23
11/10/12,11
11/11/12,13
11/12/12,35
11/13/12,30
11/14/12,34
11/15/12,25
11/16/12,11
11/17/12,18
11/18/12,14
11/19/12,21
11/20/12,27
11/21/12,16
11/22/12,14
11/23/12,25
11/24/12,18
11/25/12,14
11/26/12,23
11/27/12,23
11/28/12,21
11/29/12,20
11/30/12,26
12/1/12,23
12/2/12,19
12/3/12,30
12/4/12,30
12/5/12,29
12/6/12,25
12/7/12,22
12/8/12,21
12/9/12,13
12/10/12,39
12/11/12,23
12/12/12,28
12/13/12,25
12/14/12,17
12/15/12,18
12/16/12,7
12/17/12,22
12/18/12,21
12/19/12,30
12/20/12,18
12/21/12,17
12/22/12,17
12/23/12,8
12/24/12,9
12/25/12,8
12/26/12,26
12/27/12,33
12/28/12,23
12/29/12,15
12/30/12,6
12/31/12,18
1/1/13,13
1/2/13,33
1/3/13,31
1/4/13,33
1/5/13,21
1/6/13,15
1/7/13,31
1/8/13,23
1/9/13,28
1/10/13,30
1/11/13,28
1/12/13,7
1/13/13,14
1/14/13,29
1/15/13,27
1/16/13,22
1/17/13,28
1/18/13,25
1/19/13,11
1/20/13,18
1/21/13,19
1/22/13,41
1/23/13,19
1/24/13,30
1/25/13,23
1/26/13,11
1/27/13,19
1/28/13,22
1/29/13,25
1/30/13,27
1/31/13,26
2/1/13,31
2/2/13,7
2/3/13,14
2/4/13,24
2/5/13,21
2/6/13,18
2/7/13,34
2/8/13,10
2/9/13,8
2/10/13,13
2/11/13,21
2/12/13,30
2/13/13,23
2/14/13,19
2/15/13,26
2/16/13,13
2/17/13,16
2/18/13,23
2/19/13,34
2/20/13,32
2/21/13,28
2/22/13,19
2/23/13,19
2/24/13,23
2/25/13,35
2/26/13,33
2/27/13,26
2/28/13,40
3/1/13,31
3/2/13,13
3/3/13,15
3/4/13,39
3/5/13,28
3/6/13,31
3/7/13,24
3/8/13,16
3/9/13,13
3/10/13,27
3/11/13,41
3/12/13,36
3/13/13,36
3/14/13,30
3/15/13,41
3/16/13,24
3/17/13,16
3/18/13,32
3/19/13,40
3/20/13,35
3/21/13,25
3/22/13,21
3/23/13,21
3/24/13,13
3/25/13,27
3/26/13,33
3/27/13,28
3/28/13,31
3/29/13,26
3/30/13,23
3/31/13,22
4/1/13,30
4/2/13,40
4/3/13,30
4/4/13,24
4/5/13,38
4/6/13,17
4/7/13,12
4/8/13,59
4/9/13,39
4/10/13,39
4/11/13,34
4/12/13,34
4/13/13,35
4/14/13,18
4/15/13,52
4/16/13,38
4/17/13,36
4/18/13,35
4/19/13,36
4/20/13,17
4/21/13,28
4/22/13,45
4/23/13,25
4/24/13,43
4/25/13,41
4/26/13,27
4/27/13,17
4/28/13,16
4/29/13,42
4/30/13,54
5/1/13,35
5/2/13,55
5/3/13,44
5/4/13,18
5/5/13,18
5/6/13,43
5/7/13,40
5/8/13,45
5/9/13,60
5/10/13,44
5/11/13,20
5/12/13,26
5/13/13,48
5/14/13,39
5/15/13,40
5/16/13,50
5/17/13,48
5/18/13,31
5/19/13,13
5/20/13,49
5/21/13,53
5/22/13,42
5/23/13,46
5/24/13,33
5/25/13,14
5/26/13,20
5/27/13,20
5/28/13,43
5/29/13,40
5/30/13,38
5/31/13,44
6/1/13,27
6/2/13,33
6/3/13,43
6/4/13,57
6/5/13,49
6/6/13,51
6/7/13,27
6/8/13,29
6/9/13,29
6/10/13,37
6/11/13,46
6/12/13,43
6/13/13,38
6/14/13,35
6/15/13,25
6/16/13,16
6/17/13,50
6/18/13,49
6/19/13,51
6/20/13,45
6/21/13,49
6/22/13,20
6/23/13,15
6/24/13,53
6/25/13,59
6/26/13,56
6/27/13,36
6/28/13,33
6/29/13,11
6/30/13,25
7/1/13,59
7/2/13,55
7/3/13,51
7/4/13,17
7/5/13,32
7/6/13,21
7/7/13,36
7/8/13,55
7/9/13,47
7/10/13,56
7/11/13,37
7/12/13,36
7/13/13,22
7/14/13,23
7/15/13,66
7/16/13,46
7/17/13,42
7/18/13,41
7/19/13,28
7/20/13,14
7/21/13,25
7/22/13,42
7/23/13,45
7/24/13,38
7/25/13,35
7/26/13,59
7/27/13,18
7/28/13,20
7/29/13,54
7/30/13,57
7/31/13,40
8/1/13,45
8/2/13,26
8/3/13,15
8/4/13,26
8/5/13,49
8/6/13,45
8/7/13,49
8/8/13,38
8/9/13,34
8/10/13,20
8/11/13,26
8/12/13,49
8/13/13,59
8/14/13,46
8/15/13,46
8/16/13,33
8/17/13,21
8/18/13,21
8/19/13,55
8/20/13,32
8/21/13,38
8/22/13,41
8/23/13,40
8/24/13,17
8/25/13,19
8/26/13,42
8/27/13,48
8/28/13,35
8/29/13,43
8/30/13,27
8/31/13,20
9/1/13,14
9/2/13,29
9/3/13,54
9/4/13,42
9/5/13,42
9/6/13,35
9/7/13,31
9/8/13,16
9/9/13,36
9/10/13,38
9/11/13,34
9/12/13,34
9/13/13,30
9/14/13,19
9/15/13,18
9/16/13,54
9/17/13,36
9/18/13,45
9/19/13,34
9/20/13,45
9/21/13,17
9/22/13,17
9/23/13,33
9/24/13,38
9/25/13,34
9/26/13,43
9/27/13,35
9/28/13,21
9/29/13,19
9/30/13,38
10/1/13,29
10/2/13,31
10/3/13,46
10/4/13,28
10/5/13,20
10/6/13,18
10/7/13,36
10/8/13,43
10/9/13,33
10/10/13,37
10/11/13,26
10/12/13,14
10/13/13,14
10/14/13,19
10/15/13,25
10/16/13,40
10/17/13,34
10/18/13,20
10/19/13,14
10/20/13,18
10/21/13,32
10/22/13,50
10/23/13,37
10/24/13,24
10/25/13,20
10/26/13,19
10/27/13,9
10/28/13,36
10/29/13,32
10/30/13,23
10/31/13,28
11/1/13,26
11/2/13,18
11/3/13,16
11/4/13,21
11/5/13,23
11/6/13,28
11/7/13,25
11/8/13,22
11/9/13,5
11/10/13,8
11/11/13,17
11/12/13,26
11/13/13,25
11/14/13,26
11/15/13,26
11/16/13,8
11/17/13,16
11/18/13,39
11/19/13,27
11/20/13,22
11/21/13,24
11/22/13,21
11/23/13,14
11/24/13,13
11/25/13,16
11/26/13,16
11/27/13,12
11/28/13,4
11/29/13,14
11/30/13,11
12/1/13,10
12/2/13,20
12/3/13,24
12/4/13,20
12/5/13,28
12/6/13,21
12/7/13,13
12/8/13,6
12/9/13,24
12/10/13,13
12/11/13,19
12/12/13,20
12/13/13,21
12/14/13,7
12/15/13,12
12/16/13,14
12/17/13,8
12/18/13,29
12/19/13,20
12/20/13,14
12/21/13,12
12/22/13,12
12/23/13,22
12/24/13,21
12/25/13,3
12/26/13,21
12/27/13,12
12/28/13,9
12/29/13,13
12/30/13,26
12/31/13,14
1/1/14,5
1/2/14,20
1/3/14,5
1/4/14,12
1/5/14,14
1/6/14,20
1/7/14,16
1/8/14,21
1/9/14,23
1/10/14,14
1/11/14,13
1/12/14,15
1/13/14,27
1/14/14,24
1/15/14,21
1/16/14,26
1/17/14,22
1/18/14,12
1/19/14,13
1/20/14,14
1/21/14,12
1/22/14,12
1/23/14,16
1/24/14,10
1/25/14,16
1/26/14,12
1/27/14,31
1/28/14,17
1/29/14,21
1/30/14,18
1/31/14,19
2/1/14,17
2/2/14,13
2/3/14,14
2/4/14,13
2/5/14,28
2/6/14,13
2/7/14,20
2/8/14,9
2/9/14,19
2/10/14,18
2/11/14,19
2/12/14,24
2/13/14,11
2/14/14,10
2/15/14,11
2/16/14,6
2/17/14,14
2/18/14,21
2/19/14,36
2/20/14,27
2/21/14,21
2/22/14,24
2/23/14,27
2/24/14,35
2/25/14,36
2/26/14,27
2/27/14,12
2/28/14,16
3/1/14,16
3/2/14,17
3/3/14,31
3/4/14,24
3/5/14,29
3/6/14,25
3/7/14,21
3/8/14,22
3/9/14,22
3/10/14,44
3/11/14,30
3/12/14,31
3/13/14,27
3/14/14,20
3/15/14,12
3/16/14,16
3/17/14,36
3/18/14,33
3/19/14,25
3/20/14,33
3/21/14,24
3/22/14,24
3/23/14,9
3/24/14,33
3/25/14,28
3/26/14,35
3/27/14,18
3/28/14,31
3/29/14,17
3/30/14,13
3/31/14,36
4/1/14,32
4/2/14,40
4/3/14,38
4/4/14,36
4/5/14,26
4/6/14,19
4/7/14,38
4/8/14,34
4/9/14,50
4/10/14,28
4/11/14,33
4/12/14,18
4/13/14,21
4/14/14,39
4/15/14,34
4/16/14,36
4/17/14,28
4/18/14,41
4/19/14,19
4/20/14,21
4/21/14,40
4/22/14,44
4/23/14,29
4/24/14,25
4/25/14,39
4/26/14,19
4/27/14,21
4/28/14,57
4/29/14,52
4/30/14,33
5/1/14,51
5/2/14,35
5/3/14,25
5/4/14,32
5/5/14,41
5/6/14,43
5/7/14,39
5/8/14,46
5/9/14,38
5/10/14,33
5/11/14,26
5/12/14,60
5/13/14,46
5/14/14,38
5/15/14,37
5/16/14,46
5/17/14,23
5/18/14,24
5/19/14,41
5/20/14,35
5/21/14,51
5/22/14,39
5/23/14,35
5/24/14,23
5/25/14,28
5/26/14,23
5/27/14,66
5/28/14,72
5/29/14,61
5/30/14,56
5/31/14,23
6/1/14,28
6/2/14,54
6/3/14,61
6/4/14,43
6/5/14,72
6/6/14,44
6/7/14,29
6/8/14,33
6/9/14,48
6/10/14,59
6/11/14,54
6/12/14,41
6/13/14,36
6/14/14,24
6/15/14,33
6/16/14,82
6/17/14,71
6/18/14,65
6/19/14,49
6/20/14,35
6/21/14,31
6/22/14,29
6/23/14,47
6/24/14,81
6/25/14,42
6/26/14,49
6/27/14,65
6/28/14,23
6/29/14,25
6/30/14,58
7/1/14,64
7/2/14,53
7/3/14,39
7/4/14,27
7/5/14,27
7/6/14,27
7/7/14,72
7/8/14,51
7/9/14,47
7/10/14,46
7/11/14,47
7/12/14,26
7/13/14,25
7/14/14,45
7/15/14,53
7/16/14,62
7/17/14,65
7/18/14,47
7/19/14,29
7/20/14,25
7/21/14,58
7/22/14,56
7/23/14,41
7/24/14,41
7/25/14,52
7/26/14,32
7/27/14,31
7/28/14,69
7/29/14,57
7/30/14,46
7/31/14,37
8/1/14,59
8/2/14,35
8/3/14,28
8/4/14,35
8/5/14,63
8/6/14,55
8/7/14,52
8/8/14,47
8/9/14,28
8/10/14,35
8/11/14,67
8/12/14,56
8/13/14,43
8/14/14,48
8/15/14,60
8/16/14,27
8/17/14,34
8/18/14,81
8/19/14,63
8/20/14,61
8/21/14,50
8/22/14,56
8/23/14,24
8/24/14,40
8/25/14,47
8/26/14,49
8/27/14,40
8/28/14,58
8/29/14,44
8/30/14,16
8/31/14,14
9/1/14,23
9/2/14,53
9/3/14,49
9/4/14,48
9/5/14,44
9/6/14,31
9/7/14,27
9/8/14,90
9/9/14,46
9/10/14,50
9/11/14,31
9/12/14,43
9/13/14,21
9/14/14,32
9/15/14,66
9/16/14,53
9/17/14,51
9/18/14,55
9/19/14,37
9/20/14,22
9/21/14,30
9/22/14,51
9/23/14,54
9/24/14,48
9/25/14,40
9/26/14,50
9/27/14,29
9/28/14,30
9/29/14,56
9/30/14,44
10/1/14,51
10/2/14,52
10/3/14,50
10/4/14,27
10/5/14,30
10/6/14,51
10/7/14,44
10/8/14,43
10/9/14,42
10/10/14,45
10/11/14,27
10/12/14,29
10/13/14,58
10/14/14,75
10/15/14,67
10/16/14,79
10/17/14,51
10/18/14,33
10/19/14,29
10/20/14,52
10/21/14,51
10/22/14,42
10/23/14,41
10/24/14,46
10/25/14,35
10/26/14,29
10/27/14,48
10/28/14,55
10/29/14,27
10/30/14,74
10/31/14,34
11/1/14,17
11/2/14,21
11/3/14,29
11/4/14,34
11/5/14,45
11/6/14,38
11/7/14,35
11/8/14,26
11/9/14,20
11/10/14,50
11/11/14,40
11/12/14,58
11/13/14,38
11/14/14,31
11/15/14,22
11/16/14,15
11/17/14,31
11/18/14,27
11/19/14,39
11/20/14,23
11/21/14,21
11/22/14,9
11/23/14,14
11/24/14,34
11/25/14,32
11/26/14,29
11/27/14,9
11/28/14,24
11/29/14,19
11/30/14,26
12/1/14,23
12/2/14,19
12/3/14,38
12/4/14,27
12/5/14,25
12/6/14,12
12/7/14,8
12/8/14,26
12/9/14,22
12/10/14,20
12/11/14,24
12/12/14,22
12/13/14,11
12/14/14,12
12/15/14,35
12/16/14,26
12/17/14,33
12/18/14,22
12/19/14,36
12/20/14,18
12/21/14,18
12/22/14,31
12/23/14,25
12/24/14,17
12/25/14,11
12/26/14,38
12/27/14,16
12/28/14,24
12/29/14,58
12/30/14,28
12/31/14,22
1/1/15,6
1/2/15,31
1/3/15,14
1/4/15,16
1/5/15,31
1/6/15,24
1/7/15,20
1/8/15,27
1/9/15,28
1/10/15,17
1/11/15,13
1/12/15,23
1/13/15,20
1/14/15,19
1/15/15,35
1/16/15,53
1/17/15,13
1/18/15,15
1/19/15,19
1/20/15,36
1/21/15,33
1/22/15,40
1/23/15,31
1/24/15,28
1/25/15,20
1/26/15,23
1/27/15,13
1/28/15,22
1/29/15,21
1/30/15,23
1/31/15,14
2/1/15,16
2/2/15,19
2/3/15,23
2/4/15,19
2/5/15,20
2/6/15,28
2/7/15,26
2/8/15,29
2/9/15,24
2/10/15,18
2/11/15,37
2/12/15,22
2/13/15,21
2/14/15,16
2/15/15,18
2/16/15,15
2/17/15,18
2/18/15,34
2/19/15,18
2/20/15,19
2/21/15,14
2/22/15,12
2/23/15,26
2/24/15,24
2/25/15,21
2/26/15,27
2/27/15,27
2/28/15,17
3/1/15,12
3/2/15,25
3/3/15,37
3/4/15,34
3/5/15,30
3/6/15,17
3/7/15,18
3/8/15,17
3/9/15,51
3/10/15,41
3/11/15,37
3/12/15,34
3/13/15,39
3/14/15,21
3/15/15,34
3/16/15,45
3/17/15,41
3/18/15,31
3/19/15,34
3/20/15,31
3/21/15,29
3/22/15,22
3/23/15,42
3/24/15,43
3/25/15,30
3/26/15,47
3/27/15,33
3/28/15,27
3/29/15,22
3/30/15,42
3/31/15,36
4/1/15,71
4/2/15,29
4/3/15,44
4/4/15,26
4/5/15,18
4/6/15,46
4/7/15,63
4/8/15,48
4/9/15,42
4/10/15,34
4/11/15,21
4/12/15,23
4/13/15,50
4/14/15,60
4/15/15,41
4/16/15,37
4/17/15,45
4/18/15,24
4/19/15,36
4/20/15,43
4/21/15,47
4/22/15,51
4/23/15,51
4/24/15,30
4/25/15,37
4/26/15,25
4/27/15,64
4/28/15,42
4/29/15,52
4/30/15,47
5/1/15,39
5/2/15,25
5/3/15,25
5/4/15,53
5/5/15,57
5/6/15,47
5/7/15,80
5/8/15,83
5/9/15,41
5/10/15,36
5/11/15,78
5/12/15,66
5/13/15,50
5/14/15,46
5/15/15,54
5/16/15,32
5/17/15,26
5/18/15,65
5/19/15,59
5/20/15,55
5/21/15,52
5/22/15,50
5/23/15,28
5/24/15,29
5/25/15,39
5/26/15,59
5/27/15,55
5/28/15,62
5/29/15,50
5/30/15,33
5/31/15,23
6/1/15,83
6/2/15,53
6/3/15,56
6/4/15,40
6/5/15,51
6/6/15,24
6/7/15,27
6/8/15,66
6/9/15,55
6/10/15,59
6/11/15,41
6/12/15,46
6/13/15,34
6/14/15,25
6/15/15,71
6/16/15,66
6/17/15,69
6/18/15,60
6/19/15,59
6/20/15,36
6/21/15,31
6/22/15,70
6/23/15,58
6/24/15,49
6/25/15,63
6/26/15,56
6/27/15,24
6/28/15,47
6/29/15,68
6/30/15,63
7/1/15,57
7/2/15,86
7/3/15,42
7/4/15,56
7/5/15,26
7/6/15,66
7/7/15,66
7/8/15,92
7/9/15,68
7/10/15,52
7/11/15,38
7/12/15,48
7/13/15,69
7/14/15,73
7/15/15,71
7/16/15,83
7/17/15,55
7/18/15,47
7/19/15,32
7/20/15,82
7/21/15,104
7/22/15,79
7/23/15,73
7/24/15,56
7/25/15,37
7/26/15,34
7/27/15,73
7/28/15,75
7/29/15,65
7/30/15,54
7/31/15,48
8/1/15,28
8/2/15,37
8/3/15,70
8/4/15,59
8/5/15,57
8/6/15,57
8/7/15,48
8/8/15,32
8/9/15,36
8/10/15,69
8/11/15,42
8/12/15,58
8/13/15,61
8/14/15,55
8/15/15,34
8/16/15,30
8/17/15,64
8/18/15,62
8/19/15,66
8/20/15,50
8/21/15,62
8/22/15,46
8/23/15,26
8/24/15,72
8/25/15,51
8/26/15,49
8/27/15,55
8/28/15,58
8/29/15,24
8/30/15,32
8/31/15,60
9/1/15,71
9/2/15,56
9/3/15,62
9/4/15,62
9/5/15,46
9/6/15,47
9/7/15,43
9/8/15,80
9/9/15,54
9/10/15,70
9/11/15,61
9/12/15,33
9/13/15,54
9/14/15,60
9/15/15,71
9/16/15,53
9/17/15,61
9/18/15,41
9/19/15,37
9/20/15,29
9/21/15,60
9/22/15,68
9/23/15,45
9/24/15,75
9/25/15,61
9/26/15,23
9/27/15,37
9/28/15,64
9/29/15,45
9/30/15,44
10/1/15,82
10/2/15,42
10/3/15,30
10/4/15,21
10/5/15,40
10/6/15,59
10/7/15,62
10/8/15,66
10/9/15,63
10/10/15,24
10/11/15,28
10/12/15,45
10/13/15,62
10/14/15,63
10/15/15,46
10/16/15,60
10/17/15,25
10/18/15,33
10/19/15,73
10/20/15,53
10/21/15,61
10/22/15,39
10/23/15,43
10/24/15,54
10/25/15,43
10/26/15,83
10/27/15,54
10/28/15,45
10/29/15,51
10/30/15,35
10/31/15,16
11/1/15,24
11/2/15,54
11/3/15,57
11/4/15,56
11/5/15,59
11/6/15,56
11/7/15,28
11/8/15,31
11/9/15,55
11/10/15,35
11/11/15,53
11/12/15,48
11/13/15,33
11/14/15,17
11/15/15,23
11/16/15,40
11/17/15,29
11/18/15,54
11/19/15,31
11/20/15,35
11/21/15,28
11/22/15,23
11/23/15,42
11/24/15,34
11/25/15,26
11/26/15,14
11/27/15,29
11/28/15,23
11/29/15,18
11/30/15,34
12/1/15,29
12/2/15,43
12/3/15,33
12/4/15,41
12/5/15,17
12/6/15,21
12/7/15,24
12/8/15,42
12/9/15,43
12/10/15,43
12/11/15,61
12/12/15,23
12/13/15,34
12/14/15,48
12/15/15,46
12/16/15,40
12/17/15,29
12/18/15,30
12/19/15,23
12/20/15,21
12/21/15,32
12/22/15,32
12/23/15,28
12/24/15,27
12/25/15,17
12/26/15,20
12/27/15,23
12/28/15,36
12/29/15,36
12/30/15,36
12/31/15,16
1/1/16,24
1/2/16,23
1/3/16,27
1/4/16,32
1/5/16,41
1/6/16,46
1/7/16,37
1/8/16,38
1/9/16,19
1/10/16,30
1/11/16,47
1/12/16,41
1/13/16,34
1/14/16,40
1/15/16,23
1/16/16,25
1/17/16,26
1/18/16,27
1/19/16,37
1/20/16,22
1/21/16,38
1/22/16,26
1/23/16,11
1/24/16,14
1/25/16,24
1/26/16,29
1/27/16,39
1/28/16,38
1/29/16,35
1/30/16,22
1/31/16,29
2/1/16,46
2/2/16,45
2/3/16,49
2/4/16,53
2/5/16,27
2/6/16,27
2/7/16,26
2/8/16,34
2/9/16,51
2/10/16,38
2/11/16,36
2/12/16,29
2/13/16,13
2/14/16,19
2/15/16,25
2/16/16,31
2/17/16,39
2/18/16,30
2/19/16,38
2/20/16,32
2/21/16,34
2/22/16,45
2/23/16,33
2/24/16,40
2/25/16,72
2/26/16,45
2/27/16,24
2/28/16,21
2/29/16,42
3/1/16,45
3/2/16,43
3/3/16,25
3/4/16,23
3/5/16,18
3/6/16,15
3/7/16,46
3/8/16,63
3/9/16,50
3/10/16,49
3/11/16,48
3/12/16,34
3/13/16,38
3/14/16,47
3/15/16,52
3/16/16,64
3/17/16,49
3/18/16,34
3/19/16,33
3/20/16,23
3/21/16,62
3/22/16,47
3/23/16,43
3/24/16,42
3/25/16,47
3/26/16,21
3/27/16,25
3/28/16,40
3/29/16,39
3/30/16,52
3/31/16,44
4/1/16,46
4/2/16,34
4/3/16,24
4/4/16,45
4/5/16,50
4/6/16,42
4/7/16,45
4/8/16,40
4/9/16,32
4/10/16,19
4/11/16,52
4/12/16,45
4/13/16,42
4/14/16,40
4/15/16,50
4/16/16,18
4/17/16,33
4/18/16,62
4/19/16,43
4/20/16,44
4/21/16,52
4/22/16,46
4/23/16,31
4/24/16,42
4/25/16,57
4/26/16,49
4/27/16,55
4/28/16,54
4/29/16,58
4/30/16,34
5/1/16,45
5/2/16,91
5/3/16,65
5/4/16,52
5/5/16,59
5/6/16,34
5/7/16,38
5/8/16,31
5/9/16,78
5/10/16,70
5/11/16,65
5/12/16,66
5/13/16,60
5/14/16,36
5/15/16,30
5/16/16,74
5/17/16,71
5/18/16,81
5/19/16,74
5/20/16,76
5/21/16,40
5/22/16,41
5/23/16,90
5/24/16,59
5/25/16,68
5/26/16,64
5/27/16,77
5/28/16,25
5/29/16,24
5/30/16,29
5/31/16,100
6/1/16,78
6/2/16,69
6/3/16,62
6/4/16,41
6/5/16,55
6/6/16,75
6/7/16,65
6/8/16,80
6/9/16,63
6/10/16,53
6/11/16,35
6/12/16,42
6/13/16,65
6/14/16,52
6/15/16,59
6/16/16,52
6/17/16,72
6/18/16,46
6/19/16,46
6/20/16,66
6/21/16,70
6/22/16,79
6/23/16,74
6/24/16,57
6/25/16,42
6/26/16,44
6/27/16,68
6/28/16,62
6/29/16,98
6/30/16,70
7/1/16,49
7/2/16,43
7/3/16,41
7/4/16,26
7/5/16,88
7/6/16,88
7/7/16,65
7/8/16,44
7/9/16,39
7/10/16,40
7/11/16,82
7/12/16,67
7/13/16,81
7/14/16,66
7/15/16,66
7/16/16,29
7/17/16,38
7/18/16,60
7/19/16,89
7/20/16,68
7/21/16,68
7/22/16,66
7/23/16,34
7/24/16,43
7/25/16,87
7/26/16,57
7/27/16,62
7/28/16,54
7/29/16,60
7/30/16,32
7/31/16,37
8/1/16,65
8/2/16,75
8/3/16,64
8/4/16,88
8/5/16,59
8/6/16,30
8/7/16,39
8/8/16,84
8/9/16,80
8/10/16,68
8/11/16,65
8/12/16,52
8/13/16,28
8/14/16,35
8/15/16,80
8/16/16,71
8/17/16,74
8/18/16,59
8/19/16,63
8/20/16,42
8/21/16,45
8/22/16,75
8/23/16,78
8/24/16,48
8/25/16,71
8/26/16,38
8/27/16,41
8/28/16,24
8/29/16,67
8/30/16,79
8/31/16,67
9/1/16,63
9/2/16,50
9/3/16,53
9/4/16,44
9/5/16,36
9/6/16,67
9/7/16,71
9/8/16,78
9/9/16,66
9/10/16,28
9/11/16,32
9/12/16,63
9/13/16,70
9/14/16,78
9/15/16,66
9/16/16,60
9/17/16,63
9/18/16,34
9/19/16,67
9/20/16,67
9/21/16,88
9/22/16,72
9/23/16,62
9/24/16,36
9/25/16,42
9/26/16,71
9/27/16,74
9/28/16,65
9/29/16,57
9/30/16,52
10/1/16,36
10/2/16,33
10/3/16,82
10/4/16,59
10/5/16,70
10/6/16,63
10/7/16,47
10/8/16,24
10/9/16,33
10/10/16,42
10/11/16,48
10/12/16,62
10/13/16,64
10/14/16,43
10/15/16,46
10/16/16,43
10/17/16,61
10/18/16,57
10/19/16,63
10/20/16,54
10/21/16,57
10/22/16,31
10/23/16,41
10/24/16,46
10/25/16,72
10/26/16,47
10/27/16,50
10/28/16,45
10/29/16,28
10/30/16,27
10/31/16,50
11/1/16,66
11/2/16,54
11/3/16,37
11/4/16,41
11/5/16,43
11/6/16,18
11/7/16,64
11/8/16,33
11/9/16,36
11/10/16,49
11/11/16,28
11/12/16,20
11/13/16,26
11/14/16,55
11/15/16,60
11/16/16,63
11/17/16,38
11/18/16,28
11/19/16,24
11/20/16,22
11/21/16,39
11/22/16,34
11/23/16,30
11/24/16,13
11/25/16,26
11/26/16,23
11/27/16,30
11/28/16,37
11/29/16,43
11/30/16,41
12/1/16,49
12/2/16,52
12/3/16,29
12/4/16,18
12/5/16,39
12/6/16,37
12/7/16,47
12/8/16,48
12/9/16,30
12/10/16,28
12/11/16,20
12/12/16,36
12/13/16,37
12/14/16,35
12/15/16,29
12/16/16,19
12/17/16,22
12/18/16,17
12/19/16,41
12/20/16,27
12/21/16,36
12/22/16,38
12/23/16,37
12/24/16,13
12/25/16,19
12/26/16,21
12/27/16,41
12/28/16,52
12/29/16,40
12/30/16,24
12/31/16,20
1/1/17,18
1/2/17,24
1/3/17,55
1/4/17,48
1/5/17,49
1/6/17,30
1/7/17,22
1/8/17,20
1/9/17,28
1/10/17,34
1/11/17,33
1/12/17,57
1/13/17,40
1/14/17,23
1/15/17,19
1/16/17,33
1/17/17,37
1/18/17,44
1/19/17,50
1/20/17,46
1/21/17,33
1/22/17,33
1/23/17,47
1/24/17,45
1/25/17,63
1/26/17,42
1/27/17,44
1/28/17,31
1/29/17,36
1/30/17,37
1/31/17,37
2/1/17,44
2/2/17,49
2/3/17,21
2/4/17,27
2/5/17,25
2/6/17,53
2/7/17,44
2/8/17,54
2/9/17,27
2/10/17,34
2/11/17,20
2/12/17,31
2/13/17,35
2/14/17,53
2/15/17,180
2/16/17,108
2/17/17,74
2/18/17,55
2/19/17,52
2/20/17,44
2/21/17,78
2/22/17,56
2/23/17,72
2/24/17,52
2/25/17,42
2/26/17,38
2/27/17,60
2/28/17,66
3/1/17,69
3/2/17,49
3/3/17,43
3/4/17,33
3/5/17,25
3/6/17,56
3/7/17,78
3/8/17,69
3/9/17,53
3/10/17,41
3/11/17,26
3/12/17,18
3/13/17,58
3/14/17,15
3/15/17,31
3/16/17,28
3/17/17,30
3/18/17,21
3/19/17,33
3/20/17,63
3/21/17,46
3/22/17,61
3/23/17,41
3/24/17,39
3/25/17,40
3/26/17,42
3/27/17,54
3/28/17,62
3/29/17,74
3/30/17,62
3/31/17,46
4/1/17,46
4/2/17,42
4/3/17,67
4/4/17,72
4/5/17,63
4/6/17,47
4/7/17,42
4/8/17,26
4/9/17,33
4/10/17,70
4/11/17,67
4/12/17,71
4/13/17,54
4/14/17,41
4/15/17,43
4/16/17,37
4/17/17,71
4/18/17,51
4/19/17,64
4/20/17,77
4/21/17,79
4/22/17,52
4/23/17,36
4/24/17,75
4/25/17,65
4/26/17,71
4/27/17,67
4/28/17,71
4/29/17,40
4/30/17,48
5/1/17,77
5/2/17,64
5/3/17,58
5/4/17,50
5/5/17,44
5/6/17,44
5/7/17,39
5/8/17,87
5/9/17,74
5/10/17,75
5/11/17,79
5/12/17,61
5/13/17,34
5/14/17,29
5/15/17,81
5/16/17,55
5/17/17,49
5/18/17,63
5/19/17,37
5/20/17,28
5/21/17,34
5/22/17,54
5/23/17,64
5/24/17,75
5/25/17,49
5/26/17,41
5/27/17,51
5/28/17,40
5/29/17,42
5/30/17,72
5/31/17,89
6/1/17,81
6/2/17,62
6/3/17,37
6/4/17,52
6/5/17,81
6/6/17,73
6/7/17,70
6/8/17,71
6/9/17,66
6/10/17,57
6/11/17,45
6/12/17,76
6/13/17,80
6/14/17,58
6/15/17,67
6/16/17,47
6/17/17,49
6/18/17,40
6/19/17,65
6/20/17,71
6/21/17,79
6/22/17,89
6/23/17,66
6/24/17,42
6/25/17,30
6/26/17,77
6/27/17,70
6/28/17,62
6/29/17,78
6/30/17,41
7/1/17,41
7/2/17,40
7/3/17,61
7/4/17,28
7/5/17,81
7/6/17,92
7/7/17,71
7/8/17,45
7/9/17,64
7/10/17,94
7/11/17,90
7/12/17,89
7/13/17,108
7/14/17,72
7/15/17,45
7/16/17,66
7/17/17,113
7/18/17,62
7/19/17,98
7/20/17,86
7/21/17,61
7/22/17,50
7/23/17,42
7/24/17,80
7/25/17,95
7/26/17,81
7/27/17,84
7/28/17,76
7/29/17,57
7/30/17,50
7/31/17,77
8/1/17,71
8/2/17,91
8/3/17,84
8/4/17,57
8/5/17,48
8/6/17,46
8/7/17,74
8/8/17,64
8/9/17,88
8/10/17,77
8/11/17,81
8/12/17,58
8/13/17,43
8/14/17,74
8/15/17,102
8/16/17,83
8/17/17,80
8/18/17,58
8/19/17,38
8/20/17,36
8/21/17,77
8/22/17,68
8/23/17,82
8/24/17,76
8/25/17,57
8/26/17,37
8/27/17,39
8/28/17,56
8/29/17,56
8/30/17,56
8/31/17,54
9/1/17,46
9/2/17,37
9/3/17,30
9/4/17,32
9/5/17,75
9/6/17,62
9/7/17,54
9/8/17,57
9/9/17,50
9/10/17,49
9/11/17,75
9/12/17,76
9/13/17,63
9/14/17,79
9/15/17,60
9/16/17,44
9/17/17,43
9/18/17,86
9/19/17,63
9/20/17,81
9/21/17,52
9/22/17,53
9/23/17,33
9/24/17,41
9/25/17,71
9/26/17,76
9/27/17,54
9/28/17,52
9/29/17,72
9/30/17,45
10/1/17,32
10/2/17,88
10/3/17,50
10/4/17,86
10/5/17,61
10/6/17,63
10/7/17,41
10/8/17,47
10/9/17,55
10/10/17,77
10/11/17,78
10/12/17,72
10/13/17,56
10/14/17,39
10/15/17,52
10/16/17,77
10/17/17,65
10/18/17,58
10/19/17,68
10/20/17,57
10/21/17,41
10/22/17,52
10/23/17,58
10/24/17,41
10/25/17,81
10/26/17,57
10/27/17,55
10/28/17,37
10/29/17,23
10/30/17,49
10/31/17,40
11/1/17,67
11/2/17,55
11/3/17,42
11/4/17,33
11/5/17,26
11/6/17,67
11/7/17,34
11/8/17,43
11/9/17,49
11/10/17,31
11/11/17,24
11/12/17,19
11/13/17,53
11/14/17,53
11/15/17,48
11/16/17,46
11/17/17,30
11/18/17,22
11/19/17,22
11/20/17,45
11/21/17,36
11/22/17,24
11/23/17,6
11/24/17,28
11/25/17,32
11/26/17,34
11/27/17,58
11/28/17,51
11/29/17,44
11/30/17,47
12/1/17,43
12/2/17,46
12/3/17,30
12/4/17,61
12/5/17,38
12/6/17,35
12/7/17,40
12/8/17,38
12/9/17,14
12/10/17,21
12/11/17,25
12/12/17,27
12/13/17,25
12/14/17,22
12/15/17,21
12/16/17,30
12/17/17,30
12/18/17,40
12/19/17,41
12/20/17,33
12/21/17,40
12/22/17,31
12/23/17,22
12/24/17,19
12/25/17,18
12/26/17,29
12/27/17,33
12/28/17,31
12/29/17,24
12/30/17,21
12/31/17,11
1/1/18,15
1/2/18,36
1/3/18,36
1/4/18,14
1/5/18,18
1/6/18,12
1/7/18,18
1/8/18,50
1/9/18,26
1/10/18,26
1/11/18,45
1/12/18,37
1/13/18,23
1/14/18,27
1/15/18,24
1/16/18,37
1/17/18,25
1/18/18,28
1/19/18,28
1/20/18,26
1/21/18,27
1/22/18,58
1/23/18,38
1/24/18,42
1/25/18,31
1/26/18,41
1/27/18,33
1/28/18,29
1/29/18,43
1/30/18,35
1/31/18,37
2/1/18,44
2/2/18,41
2/3/18,16
2/4/18,21
2/5/18,45
2/6/18,40
2/7/18,28
2/8/18,35
2/9/18,36
2/10/18,13
2/11/18,22
2/12/18,50
2/13/18,48
2/14/18,36
2/15/18,52
2/16/18,42
2/17/18,30
2/18/18,14
2/19/18,39
2/20/18,67
2/21/18,51
2/22/18,30
2/23/18,41
2/24/18,28
2/25/18,32
2/26/18,47
2/27/18,49
2/28/18,61
3/1/18,45
3/2/18,29
3/3/18,16
3/4/18,26
3/5/18,52
3/6/18,60
3/7/18,37
3/8/18,38
3/9/18,36
3/10/18,30
3/11/18,15
3/12/18,47
3/13/18,42
3/14/18,39
3/15/18,40
3/16/18,42
3/17/18,21
3/18/18,22
3/19/18,41
3/20/18,50
3/21/18,35
3/22/18,27
3/23/18,29
3/24/18,20
3/25/18,22
3/26/18,35
3/27/18,44
3/28/18,27
3/29/18,44
3/30/18,44
3/31/18,32
4/1/18,22
4/2/18,56
4/3/18,54
4/4/18,52
4/5/18,44
4/6/18,35
4/7/18,34
4/8/18,37
4/9/18,60
4/10/18,51
4/11/18,46
4/12/18,59
4/13/18,59
4/14/18,25
4/15/18,27
4/16/18,49
4/17/18,60
4/18/18,54
4/19/18,57
4/20/18,34
4/21/18,22
4/22/18,31
4/23/18,61
4/24/18,56
4/25/18,54
4/26/18,67
4/27/18,43
4/28/18,39
4/29/18,42
4/30/18,67
5/1/18,48
5/2/18,65
5/3/18,66
5/4/18,56
5/5/18,28
5/6/18,57
5/7/18,75
5/8/18,69
5/9/18,63
5/10/18,75
5/11/18,69
5/12/18,33
5/13/18,38
5/14/18,76
5/15/18,75
5/16/18,60
5/17/18,83
5/18/18,67
5/19/18,26
5/20/18,52
5/21/18,96
5/22/18,79
5/23/18,67
5/24/18,57
5/25/18,52
5/26/18,34
5/27/18,37
5/28/18,45
5/29/18,85
5/30/18,77
5/31/18,79
6/1/18,69
6/2/18,41
6/3/18,48
6/4/18,75
6/5/18,82
6/6/18,76
6/7/18,72
6/8/18,66
6/9/18,55
6/10/18,56
6/11/18,76
6/12/18,58
6/13/18,75
6/14/18,71
6/15/18,51
6/16/18,30
6/17/18,55
6/18/18,68
6/19/18,66
6/20/18,73
6/21/18,61
6/22/18,49
6/23/18,49
6/24/18,45
6/25/18,75
6/26/18,82
6/27/18,73
6/28/18,59
6/29/18,77
6/30/18,36
7/1/18,43
7/2/18,50
7/3/18,52
7/4/18,28
7/5/18,88
7/6/18,66
7/7/18,32
7/8/18,40
7/9/18,75
7/10/18,69
7/11/18,43
7/12/18,73
7/13/18,66
7/14/18,58
7/15/18,40
7/16/18,78
7/17/18,80
7/18/18,78
7/19/18,65
7/20/18,67
7/21/18,50
7/22/18,46
7/23/18,56
7/24/18,74
7/25/18,56
7/26/18,57
7/27/18,53
7/28/18,40
7/29/18,47
7/30/18,75
7/31/18,82
8/1/18,61
8/2/18,74
8/3/18,57
8/4/18,49
8/5/18,44
8/6/18,82
8/7/18,64
8/8/18,64
8/9/18,60
8/10/18,64
8/11/18,28
8/12/18,38
8/13/18,75
8/14/18,90
8/15/18,64
8/16/18,58
8/17/18,55
8/18/18,34
8/19/18,34
8/20/18,89
8/21/18,78
8/22/18,88
8/23/18,73
8/24/18,61
8/25/18,38
8/26/18,41
8/27/18,85
8/28/18,63
8/29/18,64
8/30/18,78
8/31/18,57
9/1/18,28
9/2/18,38
9/3/18,51
9/4/18,71
9/5/18,63
9/6/18,82
9/7/18,59
9/8/18,40
9/9/18,35
9/10/18,52
9/11/18,56
9/12/18,64
9/13/18,79
9/14/18,72
9/15/18,41
9/16/18,52
9/17/18,71
9/18/18,82
9/19/18,78
9/20/18,67
9/21/18,62
9/22/18,35
9/23/18,40
9/24/18,57
9/25/18,57
9/26/18,80
9/27/18,51
9/28/18,58
9/29/18,34
9/30/18,35
10/1/18,72
10/2/18,61
10/3/18,61
10/4/18,65
10/5/18,57
10/6/18,32
10/7/18,39
10/8/18,71
10/9/18,71
10/10/18,89
10/11/18,53
10/12/18,60
10/13/18,29
10/14/18,35
10/15/18,72
10/16/18,78
10/17/18,58
10/18/18,67
10/19/18,60
10/20/18,49
10/21/18,47
10/22/18,63
10/23/18,69
10/24/18,50
10/25/18,48
10/26/18,31
10/27/18,20
10/28/18,36
10/29/18,53
10/30/18,43
10/31/18,49
11/1/18,46
11/2/18,54
11/3/18,30
11/4/18,28
11/5/18,44
11/6/18,45
11/7/18,50
11/8/18,55
11/9/18,45
11/10/18,17
11/11/18,25
11/12/18,51
11/13/18,31
11/14/18,47
11/15/18,26
11/16/18,26
11/17/18,20
11/18/18,29
11/19/18,43
11/20/18,40
11/21/18,26
11/22/18,6
11/23/18,24
11/24/18,21
11/25/18,27
11/26/18,36
11/27/18,48
11/28/18,41
11/29/18,42
11/30/18,27
12/1/18,33
12/2/18,25
12/3/18,49
12/4/18,35
12/5/18,35
12/6/18,35
12/7/18,31
12/8/18,18
12/9/18,24
12/10/18,46
12/11/18,32
12/12/18,48
12/13/18,24
12/14/18,39
12/15/18,29
12/16/18,23
12/17/18,31
12/18/18,26
12/19/18,30
12/20/18,31
12/21/18,29
12/22/18,19
12/23/18,14
12/24/18,25
12/25/18,15
12/26/18,36
12/27/18,36
12/28/18,27
12/29/18,31
12/30/18,23
12/31/18,24
1/1/19,19
1/2/19,45
1/3/19,43
1/4/19,52
1/5/19,23
1/6/19,29
1/7/19,49
1/8/19,49
1/9/19,31
1/10/19,26
1/11/19,24
1/12/19,15
1/13/19,24
1/14/19,32
1/15/19,36
1/16/19,40
1/17/19,49
1/18/19,31
1/19/19,23
1/20/19,15
1/21/19,30
1/22/19,39
1/23/19,36
1/24/19,29
1/25/19,37
1/26/19,26
1/27/19,25
1/28/19,47
1/29/19,37
1/30/19,31
1/31/19,28
2/1/19,29
2/2/19,18
2/3/19,22
2/4/19,40
2/5/19,47
2/6/19,44
2/7/19,38
2/8/19,30
2/9/19,27
2/10/19,31
2/11/19,82
2/12/19,26
2/13/19,37
2/14/19,42
2/15/19,38
2/16/19,22
2/17/19,32
2/18/19,21
2/19/19,48
2/20/19,29
2/21/19,37
2/22/19,42
2/23/19,12
2/24/19,24
2/25/19,32
2/26/19,36
2/27/19,46
2/28/19,24
3/1/19,24
3/2/19,17
3/3/19,23
3/4/19,35
3/5/19,27
3/6/19,23
3/7/19,27
3/8/19,19
3/9/19,23
3/10/19,40
3/11/19,53
3/12/19,51
3/13/19,50
3/14/19,49
3/15/19,30
3/16/19,25
3/17/19,28
3/18/19,41
3/19/19,50
3/20/19,43
3/21/19,43
3/22/19,20
3/23/19,28
3/24/19,35
3/25/19,58
3/26/19,59
3/27/19,37
3/28/19,50
3/29/19,52
3/30/19,33
3/31/19,33
4/1/19,49
4/2/19,52
4/3/19,42
4/4/19,32
4/5/19,26
4/6/19,23
4/7/19,40
4/8/19,67
4/9/19,65
4/10/19,65
4/11/19,50
4/12/19,47
4/13/19,35
4/14/19,55
4/15/19,69
4/16/19,67
4/17/19,48
4/18/19,66
4/19/19,57
4/20/19,34
4/21/19,33
4/22/19,52
4/23/19,64
4/24/19,60
4/25/19,45
4/26/19,55
4/27/19,35
4/28/19,31
4/29/19,80
4/30/19,66
5/1/19,71
5/2/19,56
5/3/19,50
5/4/19,39
5/5/19,40
5/6/19,71
5/7/19,76
5/8/19,64
5/9/19,57
5/10/19,60
5/11/19,64
5/12/19,31
5/13/19,64
5/14/19,67
5/15/19,80
5/16/19,64
5/17/19,72
5/18/19,36
5/19/19,40
5/20/19,80
5/21/19,53
5/22/19,80
5/23/19,86
5/24/19,48
5/25/19,40
5/26/19,31
5/27/19,47
5/28/19,86
5/29/19,72
5/30/19,56
5/31/19,82
6/1/19,54
6/2/19,39
6/3/19,83
6/4/19,73
6/5/19,66
6/6/19,66
6/7/19,78
6/8/19,38
6/9/19,33
6/10/19,61
6/11/19,66
6/12/19,66
6/13/19,62
6/14/19,55
6/15/19,45
6/16/19,43
6/17/19,92
6/18/19,56
6/19/19,70
6/20/19,71
6/21/19,61
6/22/19,56
6/23/19,45
6/24/19,97
6/25/19,71
6/26/19,62
6/27/19,72
6/28/19,76
6/29/19,23
6/30/19,42
7/1/19,69
7/2/19,64
7/3/19,66
7/4/19,41
7/5/19,60
7/6/19,37
7/7/19,49
7/8/19,89
7/9/19,54
7/10/19,76
7/11/19,56
7/12/19,56
7/13/19,36
7/14/19,23
7/15/19,76
7/16/19,50
7/17/19,60
7/18/19,58
7/19/19,44
7/20/19,32
7/21/19,41
7/22/19,66
7/23/19,85
7/24/19,73
7/25/19,87
7/26/19,66
7/27/19,39
7/28/19,46
7/29/19,85
7/30/19,65
7/31/19,75
8/1/19,72
8/2/19,54
8/3/19,46
8/4/19,43
8/5/19,84
8/6/19,81
8/7/19,79
8/8/19,72
8/9/19,67
8/10/19,26
8/11/19,38
8/12/19,70
8/13/19,73
8/14/19,73
8/15/19,68
8/16/19,60
8/17/19,43
8/18/19,40
8/19/19,83
8/20/19,69
8/21/19,83
8/22/19,40
8/23/19,61
8/24/19,40
8/25/19,42
8/26/19,81
8/27/19,66
8/28/19,63
8/29/19,51
8/30/19,55
8/31/19,39
9/1/19,32
9/2/19,36
9/3/19,53
9/4/19,66
9/5/19,69
9/6/19,57
9/7/19,49
9/8/19,49
9/9/19,69
9/10/19,67
9/11/19,73
9/12/19,69
9/13/19,56
9/14/19,33
9/15/19,34
9/16/19,65
9/17/19,67
9/18/19,65
9/19/19,50
9/20/19,47
9/21/19,50
9/22/19,40
9/23/19,75
9/24/19,59
9/25/19,68
9/26/19,67
9/27/19,56
9/28/19,34
9/29/19,30
9/30/19,55
10/1/19,56
10/2/19,47
10/3/19,44
10/4/19,43
10/5/19,38
10/6/19,44
10/7/19,76
10/8/19,50
10/9/19,41
10/10/19,59
10/11/19,49
10/12/19,24
10/13/19,42
10/14/19,46
10/15/19,53
10/16/19,52
10/17/19,42
10/18/19,49
10/19/19,32
10/20/19,28
10/21/19,62
10/22/19,43
10/23/19,34
10/24/19,51
10/25/19,32
10/26/19,37
10/27/19,27
10/28/19,60
10/29/19,54
10/30/19,51
10/31/19,39
11/1/19,36
11/2/19,29
11/3/19,33
11/4/19,43
11/5/19,31
11/6/19,54
11/7/19,50
11/8/19,41
11/9/19,23
11/10/19,27
11/11/19,53
11/12/19,46
11/13/19,42
11/14/19,35
11/15/19,30
11/16/19,8
11/17/19,28
11/18/19,25
11/19/19,31
11/20/19,37
11/21/19,45
11/22/19,40
11/23/19,24
11/24/19,20
11/25/19,41
11/26/19,28
11/27/19,39
11/28/19,9
11/29/19,14
11/30/19,18
12/1/19,22
12/2/19,32
12/3/19,25
12/4/19,33
12/5/19,28
12/6/19,30
12/7/19,18
12/8/19,24
12/9/19,34
12/10/19,34
12/11/19,26
12/12/19,30
12/13/19,26
12/14/19,24
12/15/19,21
12/16/19,33
12/17/19,30
12/18/19,27
12/19/19,22
12/20/19,26
12/21/19,21
12/22/19,22
12/23/19,23
12/24/19,15
12/25/19,16
12/26/19,22
12/27/19,30
12/28/19,28
12/29/19,24
12/30/19,27
12/31/19,27
1/1/20,17
1/2/20,40
1/3/20,41
1/4/20,25
1/5/20,17
1/6/20,44
1/7/20,58
1/8/20,29
1/9/20,20
1/10/20,31
1/11/20,25
1/12/20,29
1/13/20,47
1/14/20,58
1/15/20,31
1/16/20,50
1/17/20,24
1/18/20,19
1/19/20,15
1/20/20,16
1/21/20,36
1/22/20,40
1/23/20,43
1/24/20,51
1/25/20,34
1/26/20,29
1/27/20,42
1/28/20,45
1/29/20,45
1/30/20,31
1/31/20,34
2/1/20,26
2/2/20,26
2/3/20,38
2/4/20,52
2/5/20,40
2/6/20,38
2/7/20,36
2/8/20,18
2/9/20,26
2/10/20,46
2/11/20,32
2/12/20,43
2/13/20,40
2/14/20,29
2/15/20,16
2/16/20,27
2/17/20,37
2/18/20,44
2/19/20,47
2/20/20,40
2/21/20,41
2/22/20,19
2/23/20,23
2/24/20,43
2/25/20,54
2/26/20,43
2/27/20,50
2/28/20,29
2/29/20,28
3/1/20,23
3/2/20,36
3/3/20,43
3/4/20,43
3/5/20,47
3/6/20,45
3/7/20,22
3/8/20,38
3/9/20,41
3/10/20,52
3/11/20,54
3/12/20,48
3/13/20,31
3/14/20,14
3/15/20,18
3/16/20,26
3/17/20,24
3/18/20,40
3/19/20,33
3/20/20,25
3/21/20,22
3/22/20,17
3/23/20,21
3/24/20,30
3/25/20,30
3/26/20,21
3/27/20,18
3/28/20,24
3/29/20,20
3/30/20,34
3/31/20,28
4/1/20,26
4/2/20,30
4/3/20,15
4/4/20,25
4/5/20,21
4/6/20,33
4/7/20,19
4/8/20,29
4/9/20,30
4/10/20,39
4/11/20,19
4/12/20,20
4/13/20,37
4/14/20,32
4/15/20,34
4/16/20,44
4/17/20,30
4/18/20,21
4/19/20,22
4/20/20,45
4/21/20,44
4/22/20,34
4/23/20,34
4/24/20,41
4/25/20,28
4/26/20,39
4/27/20,39
4/28/20,38
4/29/20,50
4/30/20,31
5/1/20,44
5/2/20,38
5/3/20,47
5/4/20,47
5/5/20,37
5/6/20,36
5/7/20,54
5/8/20,43
5/9/20,34
5/10/20,33
5/11/20,60
5/12/20,47
5/13/20,50
5/14/20,73
5/15/20,62
5/16/20,33
5/17/20,41
5/18/20,70
5/19/20,80
5/20/20,60
5/21/20,65
5/22/20,59
5/23/20,37
5/24/20,71
5/25/20,69
5/26/20,95
5/27/20,79
5/28/20,79
5/29/20,50
5/30/20,39
5/31/20,35
6/1/20,56
6/2/20,54
6/3/20,50
6/4/20,45
6/5/20,54
6/6/20,38
6/7/20,50
6/8/20,69
6/9/20,64
6/10/20,56
6/11/20,58
6/12/20,63
6/13/20,26
6/14/20,32
6/15/20,94
6/16/20,60
6/17/20,49
6/18/20,73
6/19/20,64
6/20/20,48
6/21/20,48
6/22/20,72
6/23/20,54
6/24/20,54
6/25/20,63
6/26/20,43
6/27/20,39
6/28/20,42
6/29/20,60
6/30/20,83
7/1/20,68
7/2/20,56
7/3/20,56
7/4/20,37
7/5/20,32
7/6/20,62
7/7/20,80
7/8/20,71
7/9/20,79
7/10/20,50
7/11/20,42
7/12/20,52
7/13/20,92
7/14/20,83
7/15/20,81
7/16/20,60
7/17/20,59
7/18/20,34
7/19/20,35
7/20/20,57
7/21/20,55
7/22/20,57
7/23/20,50
7/24/20,49
7/25/20,36
7/26/20,40
7/27/20,76
7/28/20,52
7/29/20,61
7/30/20,63
7/31/20,63
8/1/20,38
8/2/20,46
8/3/20,81
8/4/20,55
8/5/20,56
8/6/20,53
8/7/20,57
8/8/20,44
8/9/20,51
8/10/20,64
8/11/20,59
8/12/20,62
8/13/20,49
8/14/20,60
8/15/20,39
8/16/20,48
8/17/20,71
8/18/20,103
8/19/20,94
8/20/20,69
8/21/20,66
8/22/20,35
8/23/20,47
8/24/20,80
8/25/20,52
8/26/20,74
8/27/20,57
8/28/20,66
8/29/20,38
8/30/20,56
8/31/20,64
9/1/20,70
9/2/20,63
9/3/20,53
9/4/20,45
9/5/20,51
9/6/20,40
9/7/20,32
9/8/20,71
9/9/20,60
9/10/20,65
9/11/20,60
9/12/20,53
9/13/20,33
9/14/20,71
9/15/20,66
9/16/20,47
9/17/20,72
9/18/20,64
9/19/20,35
9/20/20,35
9/21/20,63
9/22/20,45
9/23/20,48
9/24/20,71
9/25/20,66
9/26/20,59
9/27/20,36
9/28/20,71
9/29/20,69
9/30/20,58
10/1/20,62
10/2/20,52
10/3/20,36
10/4/20,38
10/5/20,64
10/6/20,56
10/7/20,57
10/8/20,49
10/9/20,52
10/10/20,33
10/11/20,34
10/12/20,19
10/13/20,59
10/14/20,45
10/15/20,55
10/16/20,40
10/17/20,42
10/18/20,46
10/19/20,71
10/20/20,73
10/21/20,69
10/22/20,71
10/23/20,61
10/24/20,26
10/25/20,42
10/26/20,55
10/27/20,57
10/28/20,64
10/29/20,45
10/30/20,45
10/31/20,34
11/1/20,24
11/2/20,43
11/3/20,35
11/4/20,35
11/5/20,46
11/6/20,43
11/7/20,18
11/8/20,39
11/9/20,47
11/10/20,49
11/11/20,59
11/12/20,43
11/13/20,36
11/14/20,30
11/15/20,17
11/16/20,46
11/17/20,48
11/18/20,36
11/19/20,34
11/20/20,29
11/21/20,26
11/22/20,40
11/23/20,41
11/24/20,41
11/25/20,36
11/26/20,26
11/27/20,38
11/28/20,31
11/29/20,36
11/30/20,36
12/1/20,46
12/2/20,42
12/3/20,36
12/4/20,30
12/5/20,24
12/6/20,12
12/7/20,42
12/8/20,22
12/9/20,53
12/10/20,26
12/11/20,34
12/12/20,41
12/13/20,30
12/14/20,53
12/15/20,43
12/16/20,23
12/17/20,22
12/18/20,25
12/19/20,19
12/20/20,26
12/21/20,38
12/22/20,36
12/23/20,27
12/24/20,16
12/25/20,12
12/26/20,24
12/27/20,21
12/28/20,41
12/29/20,28
12/30/20,48
12/31/20,26
1/1/21,16
1/2/21,29
1/3/21,30
1/4/21,54
1/5/21,72
1/6/21,47
1/7/21,39
1/8/21,28
1/9/21,35
1/10/21,34
1/11/21,65
1/12/21,49
1/13/21,48
1/14/21,49
1/15/21,43
1/16/21,39
1/17/21,37
1/18/21,43
1/19/21,50
1/20/21,31
1/21/21,51
1/22/21,35
1/23/21,26
1/24/21,40
1/25/21,32
1/26/21,55
1/27/21,46
1/28/21,50
1/29/21,29
1/30/21,21
1/31/21,27
2/1/21,16
2/2/21,20
2/3/21,25
2/4/21,22
2/5/21,34
2/6/21,30
2/7/21,22
2/8/21,45
2/9/21,29
2/10/21,33
2/11/21,26
2/12/21,32
2/13/21,24
2/14/21,21
2/15/21,34
2/16/21,42
2/17/21,47
2/18/21,24
2/19/21,24
2/20/21,21
2/21/21,24
2/22/21,53
2/23/21,51
2/24/21,56
2/25/21,69
2/26/21,54
2/27/21,50
2/28/21,34
3/1/21,56
3/2/21,51
3/3/21,64
3/4/21,55
3/5/21,51
3/6/21,42
3/7/21,34
3/8/21,56
3/9/21,56
3/10/21,83
3/11/21,68
3/12/21,55
3/13/21,42
3/14/21,45
3/15/21,67
3/16/21,61
3/17/21,76
3/18/21,46
3/19/21,43
3/20/21,30
3/21/21,51
3/22/21,64
3/23/21,82
3/24/21,94
3/25/21,94
3/26/21,63
3/27/21,53
3/28/21,42
3/29/21,63
3/30/21,77
3/31/21,68
4/1/21,75
4/2/21,63
4/3/21,46
4/4/21,69
4/5/21,80
4/6/21,78
4/7/21,97
4/8/21,75
4/9/21,65
4/10/21,71
4/11/21,42
4/12/21,78
4/13/21,75
4/14/21,81
4/15/21,78
4/16/21,69
4/17/21,57
4/18/21,63
4/19/21,118
4/20/21,76
4/21/21,75
4/22/21,54
4/23/21,51
4/24/21,45
4/25/21,60
4/26/21,57
4/27/21,71
4/28/21,82
4/29/21,90
4/30/21,60
5/1/21,43
5/2/21,50
5/3/21,89
5/4/21,92
5/5/21,77
5/6/21,91
5/7/21,87
5/8/21,54
5/9/21,42
5/10/21,102
5/11/21,108
5/12/21,83
5/13/21,90
5/14/21,68
5/15/21,45
5/16/21,65
5/17/21,78
5/18/21,94
5/19/21,103
5/20/21,79
5/21/21,78
5/22/21,53
5/23/21,50
5/24/21,98
5/25/21,104
5/26/21,88
5/27/21,94
5/28/21,65
5/29/21,35
5/30/21,38
5/31/21,77
6/1/21,97
6/2/21,126
6/3/21,104
6/4/21,87
6/5/21,59
6/6/21,69
6/7/21,128
6/8/21,110
6/9/21,72
6/10/21,95
6/11/21,97
6/12/21,65
6/13/21,57
6/14/21,88
6/15/21,104
6/16/21,104
6/17/21,87
6/18/21,107
6/19/21,53
6/20/21,46
6/21/21,110
6/22/21,100
6/23/21,93
6/24/21,114
6/25/21,83
6/26/21,65
6/27/21,61
6/28/21,104
6/29/21,84
6/30/21,69
7/1/21,78
7/2/21,61
7/3/21,56
7/4/21,43
7/5/21,79
7/6/21,67
7/7/21,83
7/8/21,94
7/9/21,75
7/10/21,75
7/11/21,74
7/12/21,125
7/13/21,97
7/14/21,105
7/15/21,96
7/16/21,84
7/17/21,46
7/18/21,66
7/19/21,145
7/20/21,128
7/21/21,118
7/22/21,102
7/23/21,96
7/24/21,46
7/25/21,61
7/26/21,102
7/27/21,110
7/28/21,91
7/29/21,116
7/30/21,82
7/31/21,75
8/1/21,84
8/2/21,114
8/3/21,122
8/4/21,87
8/5/21,108
8/6/21,78
8/7/21,62
8/8/21,52
8/9/21,108
8/10/21,88
8/11/21,93
8/12/21,92
8/13/21,70
8/14/21,54
8/15/21,55
8/16/21,107
8/17/21,116
8/18/21,76
8/19/21,78
8/20/21,73
8/21/21,57
8/22/21,20
8/23/21,91
8/24/21,84
8/25/21,83
8/26/21,97
8/27/21,69
8/28/21,50
8/29/21,62
8/30/21,105
8/31/21,86
9/1/21,74
9/2/21,63
9/3/21,52
9/4/21,41
9/5/21,65
9/6/21,68
9/7/21,105
9/8/21,108
9/9/21,100
9/10/21,71
9/11/21,40
9/12/21,58
9/13/21,74
9/14/21,80
9/15/21,89
9/16/21,79
9/17/21,86
9/18/21,55
9/19/21,57
9/20/21,88
9/21/21,92
9/22/21,117
9/23/21,86
9/24/21,78
9/25/21,67
9/26/21,68
9/27/21,92
9/28/21,90
9/29/21,83
9/30/21,75
10/1/21,71
10/2/21,62
10/3/21,71
10/4/21,108
10/5/21,104
10/6/21,119
10/7/21,105
10/8/21,90
10/9/21,63
10/10/21,54
10/11/21,60
10/12/21,96
10/13/21,130
10/14/21,114
10/15/21,85
10/16/21,63
10/17/21,53
10/18/21,116
10/19/21,113
10/20/21,111
10/21/21,113
10/22/21,90
10/23/21,70
10/24/21,56
10/25/21,105
10/26/21,103
10/27/21,110
10/28/21,99
10/29/21,63
10/30/21,53
10/31/21,48
11/1/21,106
11/2/21,96
11/3/21,98
11/4/21,66
11/5/21,97
11/6/21,54
11/7/21,68
11/8/21,94
11/9/21,115
11/10/21,93
11/11/21,84
11/12/21,91
11/13/21,45
11/14/21,36
11/15/21,71
11/16/21,61
11/17/21,71
11/18/21,67
11/19/21,59
11/20/21,53
11/21/21,48
11/22/21,51
11/23/21,54
11/24/21,41
11/25/21,23
11/26/21,44
11/27/21,29
11/28/21,45
11/29/21,62
11/30/21,58
12/1/21,57
12/2/21,64
12/3/21,56
12/4/21,48
12/5/21,53
12/6/21,59
12/7/21,65
12/8/21,66
12/9/21,58
12/10/21,48
12/11/21,49
12/12/21,41
12/13/21,91
12/14/21,75
12/15/21,69
12/16/21,78
12/17/21,59
12/18/21,47
12/19/21,39
12/20/21,66
12/21/21,46
12/22/21,47
12/23/21,55
12/24/21,36
12/25/21,18
12/26/21,42
12/27/21,55
12/28/21,69
12/29/21,67
12/30/21,63
12/31/21,47
1/1/22,37
1/2/22,45
1/3/22,49
1/4/22,58
1/5/22,77
1/6/22,82
1/7/22,29
1/8/22,33
1/9/22,49
1/10/22,64
1/11/22,49
1/12/22,76
1/13/22,70
1/14/22,56
1/15/22,33
1/16/22,25
1/17/22,54
1/18/22,47
1/19/22,62
1/20/22,50
1/21/22,48
1/22/22,43
1/23/22,53
1/24/22,55
1/25/22,74
1/26/22,62
1/27/22,78
1/28/22,47
1/29/22,16
1/30/22,23
1/31/22,31
2/1/22,41
2/2/22,55
2/3/22,76
2/4/22,52
2/5/22,39
2/6/22,47
2/7/22,49
2/8/22,64
2/9/22,81
2/10/22,79
2/11/22,59
2/12/22,43
2/13/22,35
2/14/22,42
2/15/22,55
2/16/22,70
2/17/22,68
2/18/22,61
2/19/22,45
2/20/22,41
2/21/22,68
2/22/22,60
2/23/22,89
2/24/22,66
2/25/22,45
2/26/22,38
2/27/22,50
2/28/22,56
3/1/22,86
3/2/22,56
3/3/22,66
3/4/22,63
3/5/22,64
3/6/22,58
3/7/22,123
3/8/22,79
3/9/22,67
3/10/22,68
3/11/22,63
3/12/22,35
3/13/22,32
3/14/22,61
3/15/22,122
3/16/22,87
3/17/22,80
3/18/22,83
3/19/22,74
3/20/22,53
3/21/22,87
3/22/22,77
3/23/22,75
3/24/22,69
3/25/22,83
3/26/22,56
3/27/22,39
3/28/22,52
3/29/22,54
3/30/22,79
3/31/22,71
4/1/22,88
4/2/22,48
4/3/22,53
4/4/22,72
4/5/22,82
4/6/22,68
4/7/22,90
4/8/22,65
4/9/22,60
4/10/22,60
4/11/22,80
4/12/22,66
4/13/22,70
4/14/22,86
4/15/22,57
4/16/22,58
4/17/22,42
4/18/22,66
4/19/22,78
4/20/22,76
4/21/22,84
4/22/22,74
4/23/22,65
4/24/22,98
4/25/22,108
4/26/22,113
4/27/22,77
4/28/22,70
4/29/22,60
4/30/22,48
5/1/22,45
5/2/22,99
5/3/22,104
5/4/22,101
5/5/22,97
5/6/22,75
5/7/22,36
5/8/22,66
5/9/22,121
5/10/22,101
5/11/22,114
5/12/22,101
5/13/22,91
5/14/22,88
5/15/22,69
5/16/22,94
5/17/22,105
5/18/22,96
5/19/22,103
5/20/22,102
5/21/22,65
5/22/22,80
5/23/22,121
5/24/22,113
5/25/22,79
5/26/22,97
5/27/22,106
5/28/22,65
5/29/22,52
5/30/22,58
5/31/22,123
6/1/22,134
6/2/22,116
6/3/22,118
6/4/22,76
6/5/22,91
6/6/22,135
6/7/22,123
6/8/22,115
6/9/22,113
6/10/22,111
6/11/22,84
6/12/22,74
6/13/22,147
6/14/22,133
6/15/22,120
6/16/22,102
6/17/22,89
6/18/22,46
6/19/22,56
6/20/22,83
6/21/22,105
6/22/22,102
6/23/22,120
6/24/22,88
6/25/22,55
6/26/22,64
6/27/22,86
6/28/22,117
6/29/22,102
6/30/22,114
7/1/22,96
7/2/22,50
7/3/22,46
7/4/22,48
7/5/22,113
7/6/22,116
7/7/22,123
7/8/22,98
7/9/22,86
7/10/22,77
7/11/22,118
7/12/22,101
7/13/22,111
7/14/22,129
7/15/22,114
7/16/22,86
7/17/22,69
7/18/22,131
7/19/22,129
7/20/22,100
7/21/22,110
7/22/22,87
7/23/22,55
7/24/22,58
7/25/22,130
7/26/22,136
7/27/22,80
7/28/22,124
7/29/22,89
7/30/22,82
7/31/22,79
8/1/22,110
8/2/22,109
8/3/22,130
8/4/22,115
8/5/22,102
8/6/22,50
8/7/22,63
8/8/22,112
8/9/22,103
8/10/22,86
8/11/22,76
8/12/22,90
8/13/22,69
8/14/22,72
8/15/22,102
8/16/22,127
8/17/22,107
8/18/22,83
8/19/22,108
8/20/22,60
8/21/22,67
8/22/22,149
8/23/22,127
8/24/22,99
8/25/22,79
8/26/22,88
8/27/22,65
8/28/22,57
8/29/22,104
8/30/22,99
8/31/22,81
9/1/22,111
9/2/22,77
9/3/22,60
9/4/22,64
9/5/22,73
9/6/22,71
9/7/22,89
9/8/22,113
9/9/22,98
9/10/22,67
9/11/22,59
9/12/22,118
9/13/22,100
9/14/22,93
9/15/22,88
9/16/22,84
9/17/22,63
9/18/22,61
9/19/22,116
9/20/22,110
9/21/22,117
9/22/22,77
9/23/22,57
9/24/22,51
9/25/22,50
9/26/22,1